통합ID	권역	정류장명(원본명 기준)	대표명(끝 번호 제거)	원본 항목 수	유형	주소	주소 여부	카카오맵 그룹	원본 URL	중복 검토ID	검토 상태	원본 별칭
ST-D-001	대산	간월_371	간월	1	주소		없음	행복버스(대산 정류장)	https://kko.to/W3JuXfEktk	-	원본명 기준 통합	간월_371
ST-D-002	대산	갈말종점_224	갈말종점	1	주소		없음	행복버스(대산 정류장)	https://kko.to/W3JuXfEktk	-	원본명 기준 통합	갈말종점_224
ST-D-003	대산	고창개_171	고창개	1	주소		없음	행복버스(대산 정류장)	https://kko.to/W3JuXfEktk	-	원본명 기준 통합	고창개_171
ST-D-004	대산	공군부대_1848	공군부대	1	주소		없음	행복버스(대산 정류장)	https://kko.to/W3JuXfEktk	-	원본명 기준 통합	공군부대_1848
ST-D-005	대산	공동묘지_243	공동묘지	1	주소		없음	행복버스(대산 정류장)	https://kko.to/W3JuXfEktk	RV-D-018	유사표기 검토	공동묘지_243
ST-D-006	대산	공동묘지_244	공동묘지	1	주소		없음	행복버스(대산 정류장)	https://kko.to/W3JuXfEktk	RV-D-018	유사표기 검토	공동묘지_244
ST-D-007	대산	광암_281	광암	1	주소		없음	행복버스(대산 정류장)	https://kko.to/W3JuXfEktk	RV-D-019	유사표기 검토	광암_281
ST-D-008	대산	광암_282	광암	1	주소		없음	행복버스(대산 정류장)	https://kko.to/W3JuXfEktk	RV-D-019	유사표기 검토	광암_282
ST-D-009	대산	구청운초교_450	구청운초교	1	주소		없음	행복버스(대산 정류장)	https://kko.to/W3JuXfEktk	RV-D-020	유사표기 검토	구청운초교_450
ST-D-010	대산	구청운초교_451	구청운초교	1	주소		없음	행복버스(대산 정류장)	https://kko.to/W3JuXfEktk	RV-D-020	유사표기 검토	구청운초교_451
ST-D-011	대산	기은1리 경로당(마을회관)_195-12	기은1리 경로당(마을회관)	1	주소		없음	행복버스(대산 정류장)	https://kko.to/W3JuXfEktk	-	원본명 기준 통합	기은1리 경로당(마을회관)_195-12
ST-D-012	대산	기은1리_1	기은1리	1	주소		없음	행복버스(대산 정류장)	https://kko.to/W3JuXfEktk	RV-D-005	유사표기 검토	기은1리_1
ST-D-013	대산	기은1리_152	기은1리	1	주소		없음	행복버스(대산 정류장)	https://kko.to/W3JuXfEktk	RV-D-005	유사표기 검토	기은1리_152
ST-D-014	대산	기은1리_199	기은1리	1	주소		없음	행복버스(대산 정류장)	https://kko.to/W3JuXfEktk	RV-D-005	유사표기 검토	기은1리_199
ST-D-015	대산	기은1리_200	기은1리	1	주소		없음	행복버스(대산 정류장)	https://kko.to/W3JuXfEktk	RV-D-005	유사표기 검토	기은1리_200
ST-D-016	대산	기은2리_85	기은2리	1	주소		없음	행복버스(대산 정류장)	https://kko.to/W3JuXfEktk	RV-D-006	유사표기 검토	기은2리_85
ST-D-017	대산	기은2리_88	기은2리	1	주소		없음	행복버스(대산 정류장)	https://kko.to/W3JuXfEktk	RV-D-006	유사표기 검토	기은2리_88
ST-D-018	대산	기은2리_259	기은2리	1	주소		없음	행복버스(대산 정류장)	https://kko.to/W3JuXfEktk	RV-D-006	유사표기 검토	기은2리_259
ST-D-019	대산	기은2리_260	기은2리	1	주소		없음	행복버스(대산 정류장)	https://kko.to/W3JuXfEktk	RV-D-006	유사표기 검토	기은2리_260
ST-D-020	대산	기은2리회관_140	기은2리회관	1	주소		없음	행복버스(대산 정류장)	https://kko.to/W3JuXfEktk	RV-D-021	유사표기 검토	기은2리회관_140
ST-D-021	대산	기은2리회관_141	기은2리회관	1	주소		없음	행복버스(대산 정류장)	https://kko.to/W3JuXfEktk	RV-D-021	유사표기 검토	기은2리회관_141
ST-D-022	대산	기은고지2길 76	기은고지2길	1	지점	충남 서산시 대산읍 기은리 204-1	있음	행복버스(대산 정류장)	https://kko.to/W3JuXfEktk	-	원본명 기준 통합	기은고지2길 76
ST-D-023	대산	꽃동산_594	꽃동산	1	주소		없음	행복버스(대산 정류장)	https://kko.to/W3JuXfEktk	RV-D-022	유사표기 검토	꽃동산_594
ST-D-024	대산	꽃동산_595	꽃동산	1	주소		없음	행복버스(대산 정류장)	https://kko.to/W3JuXfEktk	RV-D-022	유사표기 검토	꽃동산_595
ST-D-025	대산	꿈의학교_314	꿈의학교	1	주소		없음	행복버스(대산 정류장)	https://kko.to/W3JuXfEktk	RV-D-023	유사표기 검토	꿈의학교_314
ST-D-026	대산	꿈의학교_314-3	꿈의학교	1	주소		없음	행복버스(대산 정류장)	https://kko.to/W3JuXfEktk	RV-D-023	유사표기 검토	꿈의학교_314-3
ST-D-027	대산	답벌_231	답벌	1	주소		없음	행복버스(대산 정류장)	https://kko.to/W3JuXfEktk	RV-D-024	유사표기 검토	답벌_231
ST-D-028	대산	답벌_232	답벌	1	주소		없음	행복버스(대산 정류장)	https://kko.to/W3JuXfEktk	RV-D-024	유사표기 검토	답벌_232
ST-D-029	대산	대로1리 경로당(마을회관)_264	대로1리 경로당(마을회관)	1	주소		없음	행복버스(대산 정류장)	https://kko.to/W3JuXfEktk	-	원본명 기준 통합	대로1리 경로당(마을회관)_264
ST-D-030	대산	대로1리_73	대로1리	1	주소		없음	행복버스(대산 정류장)	https://kko.to/W3JuXfEktk	RV-D-007	유사표기 검토	대로1리_73
ST-D-031	대산	대로1리_74	대로1리	1	주소		없음	행복버스(대산 정류장)	https://kko.to/W3JuXfEktk	RV-D-007	유사표기 검토	대로1리_74
ST-D-032	대산	대로1리_125	대로1리	1	주소		없음	행복버스(대산 정류장)	https://kko.to/W3JuXfEktk	RV-D-007	유사표기 검토	대로1리_125
ST-D-033	대산	대로1리_126	대로1리	1	주소		없음	행복버스(대산 정류장)	https://kko.to/W3JuXfEktk	RV-D-007	유사표기 검토	대로1리_126
ST-D-034	대산	대로1리입구_183	대로1리입구	1	주소		없음	행복버스(대산 정류장)	https://kko.to/W3JuXfEktk	RV-D-025	유사표기 검토	대로1리입구_183
ST-D-035	대산	대로1리입구_184	대로1리입구	1	주소		없음	행복버스(대산 정류장)	https://kko.to/W3JuXfEktk	RV-D-025	유사표기 검토	대로1리입구_184
ST-D-036	대산	대로2리 경로당(마을회관)_183-14	대로2리 경로당(마을회관)	1	장소		없음	행복버스(대산 정류장)	https://kko.to/W3JuXfEktk	-	원본명 기준 통합	대로2리 경로당(마을회관)_183-14
ST-D-037	대산	대로2리_2259	대로2리	1	주소		없음	행복버스(대산 정류장)	https://kko.to/W3JuXfEktk	RV-D-026	유사표기 검토	대로2리_2259
ST-D-038	대산	대로2리_2268	대로2리	1	주소		없음	행복버스(대산 정류장)	https://kko.to/W3JuXfEktk	RV-D-026	유사표기 검토	대로2리_2268
ST-D-039	대산	대로3리 경로당(마을회관)_120	대로3리 경로당(마을회관)	1	주소		없음	행복버스(대산 정류장)	https://kko.to/W3JuXfEktk	-	원본명 기준 통합	대로3리 경로당(마을회관)_120
ST-D-040	대산	대로리_2202	대로리	1	주소		없음	행복버스(대산 정류장)	https://kko.to/W3JuXfEktk	RV-D-027	유사표기 검토	대로리_2202
ST-D-041	대산	대로리_2209	대로리	1	주소		없음	행복버스(대산 정류장)	https://kko.to/W3JuXfEktk	RV-D-027	유사표기 검토	대로리_2209
ST-D-042	대산	대산2리 경로당(마을회관)_21	대산2리 경로당(마을회관)	1	주소		없음	행복버스(대산 정류장)	https://kko.to/W3JuXfEktk	-	원본명 기준 통합	대산2리 경로당(마을회관)_21
ST-D-043	대산	대산3리_85	대산3리	1	주소		없음	행복버스(대산 정류장)	https://kko.to/W3JuXfEktk	RV-D-008	유사표기 검토	대산3리_85
ST-D-044	대산	대산3리_86	대산3리	1	주소		없음	행복버스(대산 정류장)	https://kko.to/W3JuXfEktk	RV-D-008	유사표기 검토	대산3리_86
ST-D-045	대산	대산3리_141	대산3리	1	주소		없음	행복버스(대산 정류장)	https://kko.to/W3JuXfEktk	RV-D-008	유사표기 검토	대산3리_141
ST-D-046	대산	대산3리_142	대산3리	1	주소		없음	행복버스(대산 정류장)	https://kko.to/W3JuXfEktk	RV-D-008	유사표기 검토	대산3리_142
ST-D-047	대산	대산3리경로당(마을회관_91-1	대산3리경로당(마을회관	1	장소		없음	행복버스(대산 정류장)	https://kko.to/W3JuXfEktk	-	원본명 기준 통합	대산3리경로당(마을회관__91-1
ST-D-048	대산	대산4리 경로당(마을회관)_76	대산4리 경로당(마을회관)	1	주소		없음	행복버스(대산 정류장)	https://kko.to/W3JuXfEktk	-	원본명 기준 통합	대산4리 경로당(마을회관)_76
ST-D-049	대산	대산5리 경로당(마을회관)_10	대산5리 경로당(마을회관)	1	주소		없음	행복버스(대산 정류장)	https://kko.to/W3JuXfEktk	-	원본명 기준 통합	대산5리 경로당(마을회관)_10
ST-D-050	대산	대산5리_2134	대산5리	1	주소		없음	행복버스(대산 정류장)	https://kko.to/W3JuXfEktk	RV-D-028	유사표기 검토	대산5리_2134
ST-D-051	대산	대산5리_2145	대산5리	1	주소		없음	행복버스(대산 정류장)	https://kko.to/W3JuXfEktk	RV-D-028	유사표기 검토	대산5리_2145
ST-D-052	대산	대산6리_1903	대산6리	1	주소		없음	행복버스(대산 정류장)	https://kko.to/W3JuXfEktk	-	원본명 기준 통합	대산6리_1903
ST-D-053	대산	대산7리 경로당(마을회관)_16	대산7리 경로당(마을회관)	1	주소		없음	행복버스(대산 정류장)	https://kko.to/W3JuXfEktk	-	원본명 기준 통합	대산7리 경로당(마을회관)_16
ST-D-054	대산	대산9리(대산휴먼시아)경로당	대산9리(대산휴먼시아)경로당	1	주소		없음	행복버스(대산 정류장)	https://kko.to/W3JuXfEktk	-	원본명 기준 통합	대산9리(대산휴먼시아)경로당
ST-D-055	대산	대산농협_15	대산농협	1	주소		없음	행복버스(대산 정류장)	https://kko.to/W3JuXfEktk	RV-D-011	유사표기 검토	대산농협_15
ST-D-056	대산	대산농협_16	대산농협	1	주소		없음	행복버스(대산 정류장)	https://kko.to/W3JuXfEktk	RV-D-011	유사표기 검토	대산농협_16
ST-D-057	대산	대산농협_1999	대산농협	1	주소		없음	행복버스(대산 정류장)	https://kko.to/W3JuXfEktk	RV-D-011	유사표기 검토	대산농협_1999
ST-D-058	대산	대산리_1973	대산리	1	주소		없음	행복버스(대산 정류장)	https://kko.to/W3JuXfEktk	-	원본명 기준 통합	대산리_1973
ST-D-059	대산	대산버스터미널_8	대산버스터미널	1	주소		없음	행복버스(대산 정류장)	https://kko.to/W3JuXfEktk	-	원본명 기준 통합	대산버스터미널_8
ST-D-060	대산	대산빌라_791	대산빌라	1	주소		없음	행복버스(대산 정류장)	https://kko.to/W3JuXfEktk	RV-D-029	유사표기 검토	대산빌라_791
ST-D-061	대산	대산빌라_792	대산빌라	1	주소		없음	행복버스(대산 정류장)	https://kko.to/W3JuXfEktk	RV-D-029	유사표기 검토	대산빌라_792
ST-D-062	대산	대산사거리_35	대산사거리	1	주소		없음	행복버스(대산 정류장)	https://kko.to/W3JuXfEktk	-	원본명 기준 통합	대산사거리_35
ST-D-063	대산	대산삼거리_1920	대산삼거리	1	지점		없음	행복버스(대산 정류장)	https://kko.to/W3JuXfEktk	-	원본명 기준 통합	대산삼거리_1920
ST-D-064	대산	대산정형외과_2002	대산정형외과	1	주소		없음	행복버스(대산 정류장)	https://kko.to/W3JuXfEktk	-	원본명 기준 통합	대산정형외과_2002
ST-D-065	대산	대산지방해양항만청_215	대산지방해양항만청	1	주소		없음	행복버스(대산 정류장)	https://kko.to/W3JuXfEktk	-	원본명 기준 통합	대산지방해양항만청_215
ST-D-066	대산	대산컴플렉스_109	대산컴플렉스	1	주소		없음	행복버스(대산 정류장)	https://kko.to/W3JuXfEktk	RV-D-030	유사표기 검토	대산컴플렉스_109
ST-D-067	대산	대산컴플렉스_116	대산컴플렉스	1	주소		없음	행복버스(대산 정류장)	https://kko.to/W3JuXfEktk	RV-D-030	유사표기 검토	대산컴플렉스_116
ST-D-068	대산	대산항_302	대산항	1	주소		없음	행복버스(대산 정류장)	https://kko.to/W3JuXfEktk	RV-D-012	유사표기 검토	대산항_302
ST-D-069	대산	대산항_349	대산항	1	주소		없음	행복버스(대산 정류장)	https://kko.to/W3JuXfEktk	RV-D-012	유사표기 검토	대산항_349
ST-D-070	대산	대산항_350	대산항	1	주소		없음	행복버스(대산 정류장)	https://kko.to/W3JuXfEktk	RV-D-012	유사표기 검토	대산항_350
ST-D-071	대산	대산해양교통관제센터_216	대산해양교통관제센터	1	주소		없음	행복버스(대산 정류장)	https://kko.to/W3JuXfEktk	-	원본명 기준 통합	대산해양교통관제센터_216
ST-D-072	대산	대산홈마트_1968	대산홈마트	1	주소		없음	행복버스(대산 정류장)	https://kko.to/W3JuXfEktk	-	원본명 기준 통합	대산홈마트_1968
ST-D-073	대산	대오염전_649	대오염전	1	주소		없음	행복버스(대산 정류장)	https://kko.to/W3JuXfEktk	RV-D-031	유사표기 검토	대오염전_649
ST-D-074	대산	대오염전_650	대오염전	1	주소		없음	행복버스(대산 정류장)	https://kko.to/W3JuXfEktk	RV-D-031	유사표기 검토	대오염전_650
ST-D-075	대산	대죽1리_97	대죽1리	1	주소		없음	행복버스(대산 정류장)	https://kko.to/W3JuXfEktk	RV-D-002	유사표기 검토	대죽1리_97
ST-D-076	대산	대죽1리_98	대죽1리	1	주소		없음	행복버스(대산 정류장)	https://kko.to/W3JuXfEktk	RV-D-002	유사표기 검토	대죽1리_98
ST-D-077	대산	대죽1리_121	대죽1리	1	주소		없음	행복버스(대산 정류장)	https://kko.to/W3JuXfEktk	RV-D-002	유사표기 검토	대죽1리_121
ST-D-078	대산	대죽1리_122	대죽1리	1	주소		없음	행복버스(대산 정류장)	https://kko.to/W3JuXfEktk	RV-D-002	유사표기 검토	대죽1리_122
ST-D-079	대산	대죽1리_212	대죽1리	1	주소		없음	행복버스(대산 정류장)	https://kko.to/W3JuXfEktk	RV-D-002	유사표기 검토	대죽1리_212
ST-D-080	대산	대죽1리_221	대죽1리	1	주소		없음	행복버스(대산 정류장)	https://kko.to/W3JuXfEktk	RV-D-002	유사표기 검토	대죽1리_221
ST-D-081	대산	대죽1리_287	대죽1리	1	주소		없음	행복버스(대산 정류장)	https://kko.to/W3JuXfEktk	RV-D-002	유사표기 검토	대죽1리_287
ST-D-082	대산	대죽1리_336	대죽1리	1	주소		없음	행복버스(대산 정류장)	https://kko.to/W3JuXfEktk	RV-D-002	유사표기 검토	대죽1리_336
ST-D-083	대산	대죽1리3	대죽1리3	1	지점	충남 서산시 대산읍 대죽리 924-3	있음	행복버스(대산 정류장)	https://kko.to/W3JuXfEktk	-	원본명 기준 통합	대죽1리3
ST-D-084	대산	대죽1리경로당_9	대죽1리경로당	1	주소		없음	행복버스(대산 정류장)	https://kko.to/W3JuXfEktk	-	원본명 기준 통합	대죽1리경로당_9
ST-D-085	대산	대죽1리마을회관_195	대죽1리마을회관	1	주소		없음	행복버스(대산 정류장)	https://kko.to/W3JuXfEktk	-	원본명 기준 통합	대죽1리마을회관_195
ST-D-086	대산	덕양에너젠_44	덕양에너젠	1	주소		없음	행복버스(대산 정류장)	https://kko.to/W3JuXfEktk	RV-D-032	유사표기 검토	덕양에너젠_44
ST-D-087	대산	덕양에너젠_45	덕양에너젠	1	주소		없음	행복버스(대산 정류장)	https://kko.to/W3JuXfEktk	RV-D-032	유사표기 검토	덕양에너젠_45
ST-D-088	대산	도장골_29	도장골	1	주소		없음	행복버스(대산 정류장)	https://kko.to/W3JuXfEktk	RV-D-009	유사표기 검토	도장골_29
ST-D-089	대산	도장골_38	도장골	1	주소		없음	행복버스(대산 정류장)	https://kko.to/W3JuXfEktk	RV-D-009	유사표기 검토	도장골_38
ST-D-090	대산	도장골_704	도장골	1	주소		없음	행복버스(대산 정류장)	https://kko.to/W3JuXfEktk	RV-D-009	유사표기 검토	도장골_704
ST-D-091	대산	도장골_705	도장골	1	주소		없음	행복버스(대산 정류장)	https://kko.to/W3JuXfEktk	RV-D-009	유사표기 검토	도장골_705
ST-D-092	대산	독곶1리 경로당(마을회관)_61	독곶1리 경로당(마을회관)	1	주소		없음	행복버스(대산 정류장)	https://kko.to/W3JuXfEktk	-	원본명 기준 통합	독곶1리 경로당(마을회관)_61
ST-D-093	대산	독곶1리_11	독곶1리	1	주소		없음	행복버스(대산 정류장)	https://kko.to/W3JuXfEktk	RV-D-033	유사표기 검토	독곶1리_11
ST-D-094	대산	독곶1리_12	독곶1리	1	주소		없음	행복버스(대산 정류장)	https://kko.to/W3JuXfEktk	RV-D-033	유사표기 검토	독곶1리_12
ST-D-095	대산	독곶2리 경로당(마을회관)_438	독곶2리 경로당(마을회관)	1	주소		없음	행복버스(대산 정류장)	https://kko.to/W3JuXfEktk	-	원본명 기준 통합	독곶2리 경로당(마을회관)_438
ST-D-096	대산	독곶리_116	독곶리	1	주소		없음	행복버스(대산 정류장)	https://kko.to/W3JuXfEktk	RV-D-034	유사표기 검토	독곶리_116
ST-D-097	대산	독곶리_182-13	독곶리	1	주소		없음	행복버스(대산 정류장)	https://kko.to/W3JuXfEktk	RV-D-034	유사표기 검토	독곶리_182-13
ST-D-098	대산	독곶리종점_133	독곶리종점	1	주소		없음	행복버스(대산 정류장)	https://kko.to/W3JuXfEktk	RV-D-035	유사표기 검토	독곶리종점_133
ST-D-099	대산	독곶리종점_134	독곶리종점	1	주소		없음	행복버스(대산 정류장)	https://kko.to/W3JuXfEktk	RV-D-035	유사표기 검토	독곶리종점_134
ST-D-100	대산	독곶사거리_425	독곶사거리	1	주소		없음	행복버스(대산 정류장)	https://kko.to/W3JuXfEktk	RV-D-036	유사표기 검토	독곶사거리_425
ST-D-101	대산	독곶사거리_426	독곶사거리	1	주소		없음	행복버스(대산 정류장)	https://kko.to/W3JuXfEktk	RV-D-036	유사표기 검토	독곶사거리_426
ST-D-102	대산	동원골프연습장_358	동원골프연습장	1	주소		없음	행복버스(대산 정류장)	https://kko.to/W3JuXfEktk	-	원본명 기준 통합	동원골프연습장_358
ST-D-103	대산	동원농장_439	동원농장	1	주소		없음	행복버스(대산 정류장)	https://kko.to/W3JuXfEktk	RV-D-037	유사표기 검토	동원농장_439
ST-D-104	대산	동원농장_440	동원농장	1	주소		없음	행복버스(대산 정류장)	https://kko.to/W3JuXfEktk	RV-D-037	유사표기 검토	동원농장_440
ST-D-105	대산	롯데케미칼사택 1	롯데케미칼사택	1	지점		없음	행복버스(대산 정류장)	https://kko.to/W3JuXfEktk	-	원본명 기준 통합	롯데케미칼사택 1
ST-D-106	대산	마을회관_31	마을회관	1	주소		없음	행복버스(대산 정류장)	https://kko.to/W3JuXfEktk	-	원본명 기준 통합	마을회관_31
ST-D-107	대산	매흙골_123	매흙골	1	주소		없음	행복버스(대산 정류장)	https://kko.to/W3JuXfEktk	RV-D-038	유사표기 검토	매흙골_123
ST-D-108	대산	매흙골_124	매흙골	1	주소		없음	행복버스(대산 정류장)	https://kko.to/W3JuXfEktk	RV-D-038	유사표기 검토	매흙골_124
ST-D-109	대산	명지_17	명지	1	주소		없음	행복버스(대산 정류장)	https://kko.to/W3JuXfEktk	RV-D-039	유사표기 검토	명지_17
ST-D-110	대산	명지_18	명지	1	지점		없음	행복버스(대산 정류장)	https://kko.to/W3JuXfEktk	RV-D-039	유사표기 검토	명지_18
ST-D-111	대산	명지초교_23	명지초교	1	주소		없음	행복버스(대산 정류장)	https://kko.to/W3JuXfEktk	RV-D-040	유사표기 검토	명지초교_23
ST-D-112	대산	명지초교_24	명지초교	1	주소		없음	행복버스(대산 정류장)	https://kko.to/W3JuXfEktk	RV-D-040	유사표기 검토	명지초교_24
ST-D-113	대산	목벗_353	목벗	1	주소		없음	행복버스(대산 정류장)	https://kko.to/W3JuXfEktk	RV-D-041	유사표기 검토	목벗_353
ST-D-114	대산	목벗_354	목벗	1	주소		없음	행복버스(대산 정류장)	https://kko.to/W3JuXfEktk	RV-D-041	유사표기 검토	목벗_354
ST-D-115	대산	반곡교차로_2663	반곡교차로	1	지점		없음	행복버스(대산 정류장)	https://kko.to/W3JuXfEktk	-	원본명 기준 통합	반곡교차로_2663
ST-D-116	대산	방제비축기지_301	방제비축기지	1	주소		없음	행복버스(대산 정류장)	https://kko.to/W3JuXfEktk	-	원본명 기준 통합	방제비축기지_301
ST-D-117	대산	벌말종점_963	벌말종점	1	주소		없음	행복버스(대산 정류장)	https://kko.to/W3JuXfEktk	-	원본명 기준 통합	벌말종점_963
ST-D-118	대산	복덕골_281	복덕골	1	주소		없음	행복버스(대산 정류장)	https://kko.to/W3JuXfEktk	RV-D-042	유사표기 검토	복덕골_281
ST-D-119	대산	복덕골_282	복덕골	1	주소		없음	행복버스(대산 정류장)	https://kko.to/W3JuXfEktk	RV-D-042	유사표기 검토	복덕골_282
ST-D-120	대산	복우재_337	복우재	1	주소		없음	행복버스(대산 정류장)	https://kko.to/W3JuXfEktk	RV-D-043	유사표기 검토	복우재_337
ST-D-121	대산	복우재_338	복우재	1	주소		없음	행복버스(대산 정류장)	https://kko.to/W3JuXfEktk	RV-D-043	유사표기 검토	복우재_338
ST-D-122	대산	삼길포_11	삼길포	1	주소		없음	행복버스(대산 정류장)	https://kko.to/W3JuXfEktk	RV-D-013	유사표기 검토	삼길포_11
ST-D-123	대산	삼길포_20	삼길포	1	지점		없음	행복버스(대산 정류장)	https://kko.to/W3JuXfEktk	RV-D-013	유사표기 검토	삼길포_20
ST-D-124	대산	삼길포_70	삼길포	1	주소		없음	행복버스(대산 정류장)	https://kko.to/W3JuXfEktk	RV-D-013	유사표기 검토	삼길포_70
ST-D-125	대산	삼길포교차로_2848	삼길포교차로	1	지점		없음	행복버스(대산 정류장)	https://kko.to/W3JuXfEktk	-	원본명 기준 통합	삼길포교차로_2848
ST-D-126	대산	삼길포입구_12	삼길포입구	1	주소		없음	행복버스(대산 정류장)	https://kko.to/W3JuXfEktk	-	원본명 기준 통합	삼길포입구_12
ST-D-127	대산	삼길포종점_71	삼길포종점	1	주소		없음	행복버스(대산 정류장)	https://kko.to/W3JuXfEktk	-	원본명 기준 통합	삼길포종점_71
ST-D-128	대산	삼호아파트_2067	삼호아파트	1	주소		없음	행복버스(대산 정류장)	https://kko.to/W3JuXfEktk	-	원본명 기준 통합	삼호아파트_2067
ST-D-129	대산	삼호아파트.틀목_2060	삼호아파트.틀목	1	주소		없음	행복버스(대산 정류장)	https://kko.to/W3JuXfEktk	-	원본명 기준 통합	삼호아파트.틀목_2060
ST-D-130	대산	새뜰안농장앞_477	새뜰안농장앞	1	주소		없음	행복버스(대산 정류장)	https://kko.to/W3JuXfEktk	RV-D-044	유사표기 검토	새뜰안농장앞_477
ST-D-131	대산	새뜰안농장앞_478	새뜰안농장앞	1	주소		없음	행복버스(대산 정류장)	https://kko.to/W3JuXfEktk	RV-D-044	유사표기 검토	새뜰안농장앞_478
ST-D-132	대산	서문앞_84	서문앞	1	주소		없음	행복버스(대산 정류장)	https://kko.to/W3JuXfEktk	-	원본명 기준 통합	서문앞_84
ST-D-133	대산	아일랜드어린이집_109	아일랜드어린이집	1	주소		없음	행복버스(대산 정류장)	https://kko.to/W3JuXfEktk	RV-D-045	유사표기 검토	아일랜드어린이집_109
ST-D-134	대산	아일랜드어린이집_110	아일랜드어린이집	1	주소		없음	행복버스(대산 정류장)	https://kko.to/W3JuXfEktk	RV-D-045	유사표기 검토	아일랜드어린이집_110
ST-D-135	대산	양지편_2	양지편	1	주소		없음	행복버스(대산 정류장)	https://kko.to/W3JuXfEktk	-	원본명 기준 통합	양지편_2
ST-D-136	대산	염마니고개_762	염마니고개	1	주소		없음	행복버스(대산 정류장)	https://kko.to/W3JuXfEktk	RV-D-046	유사표기 검토	염마니고개_762
ST-D-137	대산	염마니고개_763	염마니고개	1	주소		없음	행복버스(대산 정류장)	https://kko.to/W3JuXfEktk	RV-D-046	유사표기 검토	염마니고개_763
ST-D-138	대산	영전교회앞_195	영전교회앞	1	주소		없음	행복버스(대산 정류장)	https://kko.to/W3JuXfEktk	RV-D-047	유사표기 검토	영전교회앞_195
ST-D-139	대산	영전교회앞_196	영전교회앞	1	주소		없음	행복버스(대산 정류장)	https://kko.to/W3JuXfEktk	RV-D-047	유사표기 검토	영전교회앞_196
ST-D-140	대산	영탑1리_1673	영탑1리	1	주소		없음	행복버스(대산 정류장)	https://kko.to/W3JuXfEktk	RV-D-014	유사표기 검토	영탑1리_1673
ST-D-141	대산	영탑1리_1676	영탑1리	1	지점		없음	행복버스(대산 정류장)	https://kko.to/W3JuXfEktk	RV-D-014	유사표기 검토	영탑1리_1676
ST-D-142	대산	영탑1리_1754	영탑1리	1	주소		없음	행복버스(대산 정류장)	https://kko.to/W3JuXfEktk	RV-D-014	유사표기 검토	영탑1리_1754
ST-D-143	대산	영탑1리마을회관_161	영탑1리마을회관	1	주소		없음	행복버스(대산 정류장)	https://kko.to/W3JuXfEktk	RV-D-048	유사표기 검토	영탑1리마을회관_161
ST-D-144	대산	영탑1리마을회관_162	영탑1리마을회관	1	주소		없음	행복버스(대산 정류장)	https://kko.to/W3JuXfEktk	RV-D-048	유사표기 검토	영탑1리마을회관_162
ST-D-145	대산	영탑2리 경로당(마을회관)_127	영탑2리 경로당(마을회관)	1	주소		없음	행복버스(대산 정류장)	https://kko.to/W3JuXfEktk	-	원본명 기준 통합	영탑2리 경로당(마을회관)_127
ST-D-146	대산	영탑리_3	영탑리	1	지점		없음	행복버스(대산 정류장)	https://kko.to/W3JuXfEktk	RV-D-003	유사표기 검토	영탑리_3
ST-D-147	대산	영탑리_4	영탑리	1	지점		없음	행복버스(대산 정류장)	https://kko.to/W3JuXfEktk	RV-D-003	유사표기 검토	영탑리_4
ST-D-148	대산	영탑리_511-3	영탑리	1	주소		없음	행복버스(대산 정류장)	https://kko.to/W3JuXfEktk	RV-D-003	유사표기 검토	영탑리_511-3
ST-D-149	대산	영탑리_1814	영탑리	1	주소		없음	행복버스(대산 정류장)	https://kko.to/W3JuXfEktk	RV-D-003	유사표기 검토	영탑리_1814
ST-D-150	대산	영탑리_1817	영탑리	1	주소		없음	행복버스(대산 정류장)	https://kko.to/W3JuXfEktk	RV-D-003	유사표기 검토	영탑리_1817
ST-D-151	대산	영탑리(꿈의궁전앞)_1749	영탑리(꿈의궁전앞)	1	주소		없음	행복버스(대산 정류장)	https://kko.to/W3JuXfEktk	-	원본명 기준 통합	영탑리(꿈의궁전앞)_1749
ST-D-152	대산	오일뱅크사택_17	오일뱅크사택	1	주소		없음	행복버스(대산 정류장)	https://kko.to/W3JuXfEktk	RV-D-049	유사표기 검토	오일뱅크사택_17
ST-D-153	대산	오일뱅크사택_20	오일뱅크사택	1	주소		없음	행복버스(대산 정류장)	https://kko.to/W3JuXfEktk	RV-D-049	유사표기 검토	오일뱅크사택_20
ST-D-154	대산	오지1리_730	오지1리	1	주소		없음	행복버스(대산 정류장)	https://kko.to/W3JuXfEktk	RV-D-015	유사표기 검토	오지1리_730
ST-D-155	대산	오지1리_731	오지1리	1	주소		없음	행복버스(대산 정류장)	https://kko.to/W3JuXfEktk	RV-D-015	유사표기 검토	오지1리_731
ST-D-156	대산	오지1리_820	오지1리	1	주소		없음	행복버스(대산 정류장)	https://kko.to/W3JuXfEktk	RV-D-015	유사표기 검토	오지1리_820
ST-D-157	대산	오지1리마을회관_19	오지1리마을회관	1	주소		없음	행복버스(대산 정류장)	https://kko.to/W3JuXfEktk	-	원본명 기준 통합	오지1리마을회관_19
ST-D-158	대산	오지2리 경로당_4	오지2리 경로당	1	주소		없음	행복버스(대산 정류장)	https://kko.to/W3JuXfEktk	-	원본명 기준 통합	오지2리 경로당_4
ST-D-159	대산	오지2리_409	오지2리	1	주소		없음	행복버스(대산 정류장)	https://kko.to/W3JuXfEktk	RV-D-050	유사표기 검토	오지2리_409
ST-D-160	대산	오지2리_410	오지2리	1	주소		없음	행복버스(대산 정류장)	https://kko.to/W3JuXfEktk	RV-D-050	유사표기 검토	오지2리_410
ST-D-161	대산	오지2리회관_503	오지2리회관	1	주소		없음	행복버스(대산 정류장)	https://kko.to/W3JuXfEktk	RV-D-051	유사표기 검토	오지2리회관_503
ST-D-162	대산	오지2리회관_504	오지2리회관	1	주소		없음	행복버스(대산 정류장)	https://kko.to/W3JuXfEktk	RV-D-051	유사표기 검토	오지2리회관_504
ST-D-163	대산	오지리_935	오지리	1	주소		없음	행복버스(대산 정류장)	https://kko.to/W3JuXfEktk	RV-D-052	유사표기 검토	오지리_935
ST-D-164	대산	오지리_936	오지리	1	주소		없음	행복버스(대산 정류장)	https://kko.to/W3JuXfEktk	RV-D-052	유사표기 검토	오지리_936
ST-D-165	대산	운산1리 경로당(마을회관)_622-70	운산1리 경로당(마을회관)	1	주소		없음	행복버스(대산 정류장)	https://kko.to/W3JuXfEktk	-	원본명 기준 통합	운산1리 경로당(마을회관)_622-70
ST-D-166	대산	운산1리_70	운산1리	1	주소		없음	행복버스(대산 정류장)	https://kko.to/W3JuXfEktk	RV-D-010	유사표기 검토	운산1리_70
ST-D-167	대산	운산1리_71	운산1리	1	주소		없음	행복버스(대산 정류장)	https://kko.to/W3JuXfEktk	RV-D-010	유사표기 검토	운산1리_71
ST-D-168	대산	운산1리_609	운산1리	1	주소		없음	행복버스(대산 정류장)	https://kko.to/W3JuXfEktk	RV-D-010	유사표기 검토	운산1리_609
ST-D-169	대산	운산1리_622-39	운산1리	1	주소		없음	행복버스(대산 정류장)	https://kko.to/W3JuXfEktk	RV-D-010	유사표기 검토	운산1리_622-39
ST-D-170	대산	운산2리_181	운산2리	1	주소		없음	행복버스(대산 정류장)	https://kko.to/W3JuXfEktk	-	원본명 기준 통합	운산2리_181
ST-D-171	대산	운산2리(갈마) 경로당(마을회관)_223	운산2리(갈마) 경로당(마을회관)	1	주소		없음	행복버스(대산 정류장)	https://kko.to/W3JuXfEktk	-	원본명 기준 통합	운산2리(갈마) 경로당(마을회관)_223
ST-D-172	대산	운산3리_610	운산3리	1	주소		없음	행복버스(대산 정류장)	https://kko.to/W3JuXfEktk	-	원본명 기준 통합	운산3리_610
ST-D-173	대산	운산3리(청양) 경로당(마을회관)_3	운산3리(청양) 경로당(마을회관)	1	주소		없음	행복버스(대산 정류장)	https://kko.to/W3JuXfEktk	-	원본명 기준 통합	운산3리(청양) 경로당(마을회관)_3
ST-D-174	대산	운산3리마을회관_517	운산3리마을회관	1	주소		없음	행복버스(대산 정류장)	https://kko.to/W3JuXfEktk	RV-D-053	유사표기 검토	운산3리마을회관_517
ST-D-175	대산	운산3리마을회관_518	운산3리마을회관	1	주소		없음	행복버스(대산 정류장)	https://kko.to/W3JuXfEktk	RV-D-053	유사표기 검토	운산3리마을회관_518
ST-D-176	대산	운산4리_423	운산4리	1	주소		없음	행복버스(대산 정류장)	https://kko.to/W3JuXfEktk	RV-D-054	유사표기 검토	운산4리_423
ST-D-177	대산	운산4리_424	운산4리	1	주소		없음	행복버스(대산 정류장)	https://kko.to/W3JuXfEktk	RV-D-054	유사표기 검토	운산4리_424
ST-D-178	대산	운산4리(갈월) 경로당(마을회관)_1432	운산4리(갈월) 경로당(마을회관)	1	주소		없음	행복버스(대산 정류장)	https://kko.to/W3JuXfEktk	-	원본명 기준 통합	운산4리(갈월) 경로당(마을회관)_1432
ST-D-179	대산	운산4리입구_337	운산4리입구	1	주소		없음	행복버스(대산 정류장)	https://kko.to/W3JuXfEktk	RV-D-055	유사표기 검토	운산4리입구_337
ST-D-180	대산	운산4리입구_338	운산4리입구	1	주소		없음	행복버스(대산 정류장)	https://kko.to/W3JuXfEktk	RV-D-055	유사표기 검토	운산4리입구_338
ST-D-181	대산	운산5리_3	운산5리	1	주소		없음	행복버스(대산 정류장)	https://kko.to/W3JuXfEktk	RV-D-001	유사표기 검토	운산5리_3
ST-D-182	대산	운산5리_170	운산5리	1	주소		없음	행복버스(대산 정류장)	https://kko.to/W3JuXfEktk	RV-D-001	유사표기 검토	운산5리_170
ST-D-183	대산	운산5리_171	운산5리	1	주소		없음	행복버스(대산 정류장)	https://kko.to/W3JuXfEktk	RV-D-001	유사표기 검토	운산5리_171
ST-D-184	대산	운산5리_195	운산5리	1	주소		없음	행복버스(대산 정류장)	https://kko.to/W3JuXfEktk	RV-D-001	유사표기 검토	운산5리_195
ST-D-185	대산	운산5리_196	운산5리	1	주소		없음	행복버스(대산 정류장)	https://kko.to/W3JuXfEktk	RV-D-001	유사표기 검토	운산5리_196
ST-D-186	대산	운산5리_231	운산5리	1	주소		없음	행복버스(대산 정류장)	https://kko.to/W3JuXfEktk	RV-D-001	유사표기 검토	운산5리_231
ST-D-187	대산	운산5리_232	운산5리	1	주소		없음	행복버스(대산 정류장)	https://kko.to/W3JuXfEktk	RV-D-001	유사표기 검토	운산5리_232
ST-D-188	대산	운산5리_273	운산5리	1	주소		없음	행복버스(대산 정류장)	https://kko.to/W3JuXfEktk	RV-D-001	유사표기 검토	운산5리_273
ST-D-189	대산	운산5리_274	운산5리	1	주소		없음	행복버스(대산 정류장)	https://kko.to/W3JuXfEktk	RV-D-001	유사표기 검토	운산5리_274
ST-D-190	대산	운산5리(회포) 경로당(마을회관)_37-16	운산5리(회포) 경로당(마을회관)	1	주소		없음	행복버스(대산 정류장)	https://kko.to/W3JuXfEktk	-	원본명 기준 통합	운산5리(회포) 경로당(마을회관)_37-16
ST-D-191	대산	운산리길_102	운산리길	1	주소		없음	행복버스(대산 정류장)	https://kko.to/W3JuXfEktk	-	원본명 기준 통합	운산리길_102
ST-D-192	대산	웅도리입구_307	웅도리입구	1	주소		없음	행복버스(대산 정류장)	https://kko.to/W3JuXfEktk	RV-D-016	유사표기 검토	웅도리입구_307
ST-D-193	대산	웅도리입구_310	웅도리입구	1	주소		없음	행복버스(대산 정류장)	https://kko.to/W3JuXfEktk	RV-D-016	유사표기 검토	웅도리입구_310
ST-D-194	대산	웅도리입구_311	웅도리입구	1	주소		없음	행복버스(대산 정류장)	https://kko.to/W3JuXfEktk	RV-D-016	유사표기 검토	웅도리입구_311
ST-D-195	대산	웅도입구_210	웅도입구	1	주소		없음	행복버스(대산 정류장)	https://kko.to/W3JuXfEktk	RV-D-056	유사표기 검토	웅도입구_210
ST-D-196	대산	웅도입구_211	웅도입구	1	주소		없음	행복버스(대산 정류장)	https://kko.to/W3JuXfEktk	RV-D-056	유사표기 검토	웅도입구_211
ST-D-197	대산	육계농장앞_258	육계농장앞	1	지점	충남 서산시 대산읍 영탑리 8-7	있음	행복버스(대산 정류장)	https://kko.to/W3JuXfEktk	-	원본명 기준 통합	육계농장앞_258
ST-D-198	대산	은골_173	은골	1	주소		없음	행복버스(대산 정류장)	https://kko.to/W3JuXfEktk	-	원본명 기준 통합	은골_173
ST-D-199	대산	자각산길_1	자각산길	1	주소		없음	행복버스(대산 정류장)	https://kko.to/W3JuXfEktk	RV-D-057	유사표기 검토	자각산길_1
ST-D-200	대산	자각산길_2	자각산길	1	주소		없음	행복버스(대산 정류장)	https://kko.to/W3JuXfEktk	RV-D-057	유사표기 검토	자각산길_2
ST-D-201	대산	종합사회복지관_831-2	종합사회복지관	1	주소		없음	행복버스(대산 정류장)	https://kko.to/W3JuXfEktk	RV-D-058	유사표기 검토	종합사회복지관_831-2
ST-D-202	대산	종합사회복지관_833	종합사회복지관	1	주소		없음	행복버스(대산 정류장)	https://kko.to/W3JuXfEktk	RV-D-058	유사표기 검토	종합사회복지관_833
ST-D-203	대산	참샘골농장_67	참샘골농장	1	주소		없음	행복버스(대산 정류장)	https://kko.to/W3JuXfEktk	RV-D-059	유사표기 검토	참샘골농장_67
ST-D-204	대산	참샘골농장_68	참샘골농장	1	주소		없음	행복버스(대산 정류장)	https://kko.to/W3JuXfEktk	RV-D-059	유사표기 검토	참샘골농장_68
ST-D-205	대산	청량_558	청량	1	주소		없음	행복버스(대산 정류장)	https://kko.to/W3JuXfEktk	-	원본명 기준 통합	청량_558
ST-D-206	대산	큰골_151	큰골	1	주소		없음	행복버스(대산 정류장)	https://kko.to/W3JuXfEktk	RV-D-060	유사표기 검토	큰골_151
ST-D-207	대산	큰골_152	큰골	1	주소		없음	행복버스(대산 정류장)	https://kko.to/W3JuXfEktk	RV-D-060	유사표기 검토	큰골_152
ST-D-208	대산	큰말_557	큰말	1	주소		없음	행복버스(대산 정류장)	https://kko.to/W3JuXfEktk	-	원본명 기준 통합	큰말_557
ST-D-209	대산	풍림아파트_1841	풍림아파트	1	주소		없음	행복버스(대산 정류장)	https://kko.to/W3JuXfEktk	-	원본명 기준 통합	풍림아파트_1841
ST-D-210	대산	학교앞_460	학교앞	1	주소		없음	행복버스(대산 정류장)	https://kko.to/W3JuXfEktk	RV-D-017	유사표기 검토	학교앞_460
ST-D-211	대산	학교앞_461	학교앞	1	주소		없음	행복버스(대산 정류장)	https://kko.to/W3JuXfEktk	RV-D-017	유사표기 검토	학교앞_461
ST-D-212	대산	학교앞_464	학교앞	1	주소		없음	행복버스(대산 정류장)	https://kko.to/W3JuXfEktk	RV-D-017	유사표기 검토	학교앞_464
ST-D-213	대산	한국석유공사_106	한국석유공사	1	주소		없음	행복버스(대산 정류장)	https://kko.to/W3JuXfEktk	RV-D-061	유사표기 검토	한국석유공사_106
ST-D-214	대산	한국석유공사_107	한국석유공사	1	주소		없음	행복버스(대산 정류장)	https://kko.to/W3JuXfEktk	RV-D-061	유사표기 검토	한국석유공사_107
ST-D-215	대산	한미아파트_65	한미아파트	1	주소		없음	행복버스(대산 정류장)	https://kko.to/W3JuXfEktk	RV-D-062	유사표기 검토	한미아파트_65
ST-D-216	대산	한미아파트_66	한미아파트	1	주소		없음	행복버스(대산 정류장)	https://kko.to/W3JuXfEktk	RV-D-062	유사표기 검토	한미아파트_66
ST-D-217	대산	해서염전_882	해서염전	1	지점		없음	행복버스(대산 정류장)	https://kko.to/W3JuXfEktk	-	원본명 기준 통합	해서염전_882
ST-D-218	대산	현대오일뱅크_157	현대오일뱅크	1	지점		없음	행복버스(대산 정류장)	https://kko.to/W3JuXfEktk	RV-D-063	유사표기 검토	현대오일뱅크_157
ST-D-219	대산	현대오일뱅크_158	현대오일뱅크	1	지점		없음	행복버스(대산 정류장)	https://kko.to/W3JuXfEktk	RV-D-063	유사표기 검토	현대오일뱅크_158
ST-D-220	대산	화곡1리 마을회관_35	화곡1리 마을회관	1	주소		없음	행복버스(대산 정류장)	https://kko.to/W3JuXfEktk	-	원본명 기준 통합	화곡1리 마을회관_35
ST-D-221	대산	화곡2리_2491	화곡2리	1	주소		없음	행복버스(대산 정류장)	https://kko.to/W3JuXfEktk	RV-D-004	유사표기 검토	화곡2리_2491
ST-D-222	대산	화곡2리_2500	화곡2리	1	주소		없음	행복버스(대산 정류장)	https://kko.to/W3JuXfEktk	RV-D-004	유사표기 검토	화곡2리_2500
ST-D-223	대산	화곡2리_2595	화곡2리	1	주소		없음	행복버스(대산 정류장)	https://kko.to/W3JuXfEktk	RV-D-004	유사표기 검토	화곡2리_2595
ST-D-224	대산	화곡2리_2596	화곡2리	1	주소		없음	행복버스(대산 정류장)	https://kko.to/W3JuXfEktk	RV-D-004	유사표기 검토	화곡2리_2596
ST-D-225	대산	화곡2리_2661	화곡2리	1	주소		없음	행복버스(대산 정류장)	https://kko.to/W3JuXfEktk	RV-D-004	유사표기 검토	화곡2리_2661
ST-D-226	대산	화곡2리회관_2636	화곡2리회관	1	주소		없음	행복버스(대산 정류장)	https://kko.to/W3JuXfEktk	RV-D-064	유사표기 검토	화곡2리회관_2636
ST-D-227	대산	화곡2리회관_2639	화곡2리회관	1	주소		없음	행복버스(대산 정류장)	https://kko.to/W3JuXfEktk	RV-D-064	유사표기 검토	화곡2리회관_2639
ST-D-228	대산	화곡3리경로당(마을회관)_8	화곡3리경로당(마을회관)	1	주소		없음	행복버스(대산 정류장)	https://kko.to/W3JuXfEktk	-	원본명 기준 통합	화곡3리경로당(마을회관)_8
ST-D-229	대산	화곡3리마을회관_34	화곡3리마을회관	1	주소		없음	행복버스(대산 정류장)	https://kko.to/W3JuXfEktk	-	원본명 기준 통합	화곡3리마을회관_34
ST-D-230	대산	황금산1교차로_114	황금산1교차로	1	주소		없음	행복버스(대산 정류장)	https://kko.to/W3JuXfEktk	-	원본명 기준 통합	황금산1교차로_114
ST-D-231	대산	황금산종점_166	황금산종점	1	지점		없음	행복버스(대산 정류장)	https://kko.to/W3JuXfEktk	-	원본명 기준 통합	황금산종점_166
ST-D-232	대산	KCC대죽공장_169	KCC대죽공장	1	주소		없음	행복버스(대산 정류장)	https://kko.to/W3JuXfEktk	RV-D-065	유사표기 검토	KCC대죽공장_169
ST-D-233	대산	KCC대죽공장_170	KCC대죽공장	1	주소		없음	행복버스(대산 정류장)	https://kko.to/W3JuXfEktk	RV-D-065	유사표기 검토	KCC대죽공장_170
ST-D-234	대산	KCC사원아파트_141	KCC사원아파트	1	주소		없음	행복버스(대산 정류장)	https://kko.to/W3JuXfEktk	RV-D-066	유사표기 검토	KCC사원아파트_141
ST-D-235	대산	KCC사원아파트_144	KCC사원아파트	1	주소		없음	행복버스(대산 정류장)	https://kko.to/W3JuXfEktk	RV-D-066	유사표기 검토	KCC사원아파트_144
ST-D-236	대산	LG사원아파트_258	LG사원아파트	1	주소		없음	행복버스(대산 정류장)	https://kko.to/W3JuXfEktk	RV-D-067	유사표기 검토	LG사원아파트_258
ST-D-237	대산	LG사원아파트_259	LG사원아파트	1	주소		없음	행복버스(대산 정류장)	https://kko.to/W3JuXfEktk	RV-D-067	유사표기 검토	LG사원아파트_259
ST-D-238	대산	LG화학(서문)_83	LG화학(서문)	1	주소		없음	행복버스(대산 정류장)	https://kko.to/W3JuXfEktk	-	원본명 기준 통합	LG화학(서문)_83
ST-H-001	해미	관유리 경로당(마을회관)_10	관유리 경로당(마을회관)	1	주소		없음	행복버스(해미 정류장)	https://kko.to/RQxo72diCp	-	원본명 기준 통합	관유리 경로당(마을회관)_10
ST-H-002	해미	관유리_503	관유리	1	주소		없음	행복버스(해미 정류장)	https://kko.to/RQxo72diCp	RV-H-010	유사표기 검토	관유리_503
ST-H-003	해미	관유리_547	관유리	1	주소		없음	행복버스(해미 정류장)	https://kko.to/RQxo72diCp	RV-H-010	유사표기 검토	관유리_547
ST-H-004	해미	관유리_548	관유리	1	주소		없음	행복버스(해미 정류장)	https://kko.to/RQxo72diCp	RV-H-010	유사표기 검토	관유리_548
ST-H-005	해미	귀밀리_701	귀밀리	1	주소		없음	행복버스(해미 정류장)	https://kko.to/RQxo72diCp	RV-H-016	유사표기 검토	귀밀리_701
ST-H-006	해미	귀밀리_702	귀밀리	1	주소		없음	행복버스(해미 정류장)	https://kko.to/RQxo72diCp	RV-H-016	유사표기 검토	귀밀리_702
ST-H-007	해미	귀밀리회관_732	귀밀리회관	1	주소		없음	행복버스(해미 정류장)	https://kko.to/RQxo72diCp	-	원본명 기준 통합	귀밀리회관_732
ST-H-008	해미	기지1리 경로당(마을회관)_161	기지1리 경로당(마을회관)	1	주소		없음	행복버스(해미 정류장)	https://kko.to/RQxo72diCp	-	원본명 기준 통합	기지1리 경로당(마을회관)_161
ST-H-009	해미	기지1리_101	기지1리	1	주소		없음	행복버스(해미 정류장)	https://kko.to/RQxo72diCp	RV-H-017	유사표기 검토	기지1리_101
ST-H-010	해미	기지1리_102	기지1리	1	주소		없음	행복버스(해미 정류장)	https://kko.to/RQxo72diCp	RV-H-017	유사표기 검토	기지1리_102
ST-H-011	해미	기지1리회관_339	기지1리회관	1	주소		없음	행복버스(해미 정류장)	https://kko.to/RQxo72diCp	RV-H-018	유사표기 검토	기지1리회관_339
ST-H-012	해미	기지1리회관_340	기지1리회관	1	주소		없음	행복버스(해미 정류장)	https://kko.to/RQxo72diCp	RV-H-018	유사표기 검토	기지1리회관_340
ST-H-013	해미	기지2리 경로당(마을회관)_70	기지2리 경로당(마을회관)	1	주소		없음	행복버스(해미 정류장)	https://kko.to/RQxo72diCp	-	원본명 기준 통합	기지2리 경로당(마을회관)_70
ST-H-014	해미	기지2리_63	기지2리	1	주소		없음	행복버스(해미 정류장)	https://kko.to/RQxo72diCp	RV-H-011	유사표기 검토	기지2리_63
ST-H-015	해미	기지2리_64	기지2리	1	주소		없음	행복버스(해미 정류장)	https://kko.to/RQxo72diCp	RV-H-011	유사표기 검토	기지2리_64
ST-H-016	해미	기지2리_274	기지2리	1	주소		없음	행복버스(해미 정류장)	https://kko.to/RQxo72diCp	RV-H-011	유사표기 검토	기지2리_274
ST-H-017	해미	대곡1리_52	대곡1리	1	주소		없음	행복버스(해미 정류장)	https://kko.to/RQxo72diCp	RV-H-019	유사표기 검토	대곡1리_52
ST-H-018	해미	대곡1리_110	대곡1리	1	주소		없음	행복버스(해미 정류장)	https://kko.to/RQxo72diCp	RV-H-019	유사표기 검토	대곡1리_110
ST-H-019	해미	대곡1리마을회관_59	대곡1리마을회관	1	주소		없음	행복버스(해미 정류장)	https://kko.to/RQxo72diCp	-	원본명 기준 통합	대곡1리마을회관_59
ST-H-020	해미	대곡2리 경로당(마을회관)_32	대곡2리 경로당(마을회관)	1	주소		없음	행복버스(해미 정류장)	https://kko.to/RQxo72diCp	-	원본명 기준 통합	대곡2리 경로당(마을회관)_32
ST-H-021	해미	대곡2리_316	대곡2리	1	주소		없음	행복버스(해미 정류장)	https://kko.to/RQxo72diCp	-	원본명 기준 통합	대곡2리_316
ST-H-022	해미	대곡리_113	대곡리	1	주소		없음	행복버스(해미 정류장)	https://kko.to/RQxo72diCp	-	원본명 기준 통합	대곡리_113
ST-H-023	해미	동암리 경로당(마을회관)_218	동암리 경로당(마을회관)	1	주소		없음	행복버스(해미 정류장)	https://kko.to/RQxo72diCp	-	원본명 기준 통합	동암리 경로당(마을회관)_218
ST-H-024	해미	동암리_122	동암리	1	주소		없음	행복버스(해미 정류장)	https://kko.to/RQxo72diCp	RV-H-005	유사표기 검토	동암리_122
ST-H-025	해미	동암리_123	동암리	1	주소		없음	행복버스(해미 정류장)	https://kko.to/RQxo72diCp	RV-H-005	유사표기 검토	동암리_123
ST-H-026	해미	동암리_195	동암리	1	주소		없음	행복버스(해미 정류장)	https://kko.to/RQxo72diCp	RV-H-005	유사표기 검토	동암리_195
ST-H-027	해미	동암리_196	동암리	1	주소		없음	행복버스(해미 정류장)	https://kko.to/RQxo72diCp	RV-H-005	유사표기 검토	동암리_196
ST-H-028	해미	동암회관_201-13	동암회관	1	주소		없음	행복버스(해미 정류장)	https://kko.to/RQxo72diCp	RV-H-006	유사표기 검토	동암회관_201-13
ST-H-029	해미	동암회관_201-14	동암회관	1	주소		없음	행복버스(해미 정류장)	https://kko.to/RQxo72diCp	RV-H-006	유사표기 검토	동암회관_201-14
ST-H-030	해미	동암회관_201-37	동암회관	1	주소		없음	행복버스(해미 정류장)	https://kko.to/RQxo72diCp	RV-H-006	유사표기 검토	동암회관_201-37
ST-H-031	해미	동암회관_201-38	동암회관	1	주소		없음	행복버스(해미 정류장)	https://kko.to/RQxo72diCp	RV-H-006	유사표기 검토	동암회관_201-38
ST-H-032	해미	반양1리 경로당(마을회관)_26	반양1리 경로당(마을회관)	1	주소		없음	행복버스(해미 정류장)	https://kko.to/RQxo72diCp	-	원본명 기준 통합	반양1리 경로당(마을회관)_26
ST-H-033	해미	반양2리 경로당(마을회관)_46	반양2리 경로당(마을회관)	1	주소		없음	행복버스(해미 정류장)	https://kko.to/RQxo72diCp	-	원본명 기준 통합	반양2리 경로당(마을회관)_46
ST-H-034	해미	반양2리_71	반양2리	1	주소		없음	행복버스(해미 정류장)	https://kko.to/RQxo72diCp	RV-H-012	유사표기 검토	반양2리_71
ST-H-035	해미	반양2리_72	반양2리	1	주소		없음	행복버스(해미 정류장)	https://kko.to/RQxo72diCp	RV-H-012	유사표기 검토	반양2리_72
ST-H-036	해미	반양2리_887	반양2리	1	주소		없음	행복버스(해미 정류장)	https://kko.to/RQxo72diCp	RV-H-012	유사표기 검토	반양2리_887
ST-H-037	해미	반양리_33	반양리	1	주소		없음	행복버스(해미 정류장)	https://kko.to/RQxo72diCp	RV-H-002	유사표기 검토	반양리_33
ST-H-038	해미	반양리_34	반양리	1	주소		없음	행복버스(해미 정류장)	https://kko.to/RQxo72diCp	RV-H-002	유사표기 검토	반양리_34
ST-H-039	해미	반양리_35	반양리	1	주소		없음	행복버스(해미 정류장)	https://kko.to/RQxo72diCp	RV-H-002	유사표기 검토	반양리_35
ST-H-040	해미	반양리_36	반양리	1	주소		없음	행복버스(해미 정류장)	https://kko.to/RQxo72diCp	RV-H-002	유사표기 검토	반양리_36
ST-H-041	해미	반양리_37	반양리	1	주소		없음	행복버스(해미 정류장)	https://kko.to/RQxo72diCp	RV-H-002	유사표기 검토	반양리_37
ST-H-042	해미	반양리_983	반양리	1	주소		없음	행복버스(해미 정류장)	https://kko.to/RQxo72diCp	RV-H-002	유사표기 검토	반양리_983
ST-H-043	해미	반양리_1002	반양리	1	주소		없음	행복버스(해미 정류장)	https://kko.to/RQxo72diCp	RV-H-002	유사표기 검토	반양리_1002
ST-H-044	해미	사창벌_99	사창벌	1	주소		없음	행복버스(해미 정류장)	https://kko.to/RQxo72diCp	RV-H-020	유사표기 검토	사창벌_99
ST-H-045	해미	사창벌_106	사창벌	1	주소		없음	행복버스(해미 정류장)	https://kko.to/RQxo72diCp	RV-H-020	유사표기 검토	사창벌_106
ST-H-046	해미	산수리 경로당(마을회관)_38	산수리 경로당(마을회관)	1	주소		없음	행복버스(해미 정류장)	https://kko.to/RQxo72diCp	-	원본명 기준 통합	산수리 경로당(마을회관)_38
ST-H-047	해미	산수리_66	산수리	1	주소		없음	행복버스(해미 정류장)	https://kko.to/RQxo72diCp	RV-H-021	유사표기 검토	산수리_66
ST-H-048	해미	산수리_69	산수리	1	주소		없음	행복버스(해미 정류장)	https://kko.to/RQxo72diCp	RV-H-021	유사표기 검토	산수리_69
ST-H-049	해미	삼송1리 경로당(마을회관)_95	삼송1리 경로당(마을회관)	1	주소		없음	행복버스(해미 정류장)	https://kko.to/RQxo72diCp	-	원본명 기준 통합	삼송1리 경로당(마을회관)_95
ST-H-050	해미	삼송1리_55	삼송1리	1	주소		없음	행복버스(해미 정류장)	https://kko.to/RQxo72diCp	RV-H-013	유사표기 검토	삼송1리_55
ST-H-051	해미	삼송1리_56	삼송1리	1	주소		없음	행복버스(해미 정류장)	https://kko.to/RQxo72diCp	RV-H-013	유사표기 검토	삼송1리_56
ST-H-052	해미	삼송1리_94	삼송1리	1	주소		없음	행복버스(해미 정류장)	https://kko.to/RQxo72diCp	RV-H-013	유사표기 검토	삼송1리_94
ST-H-053	해미	삼송2리 경로당(마을회관)_18	삼송2리 경로당(마을회관)	1	주소		없음	행복버스(해미 정류장)	https://kko.to/RQxo72diCp	-	원본명 기준 통합	삼송2리 경로당(마을회관)_18
ST-H-054	해미	삼송2리_16	삼송2리	1	주소		없음	행복버스(해미 정류장)	https://kko.to/RQxo72diCp	RV-H-001	유사표기 검토	삼송2리_16
ST-H-055	해미	삼송2리_17	삼송2리	1	주소		없음	행복버스(해미 정류장)	https://kko.to/RQxo72diCp	RV-H-001	유사표기 검토	삼송2리_17
ST-H-056	해미	삼송2리_121	삼송2리	1	주소		없음	행복버스(해미 정류장)	https://kko.to/RQxo72diCp	RV-H-001	유사표기 검토	삼송2리_121
ST-H-057	해미	삼송2리_122	삼송2리	1	주소		없음	행복버스(해미 정류장)	https://kko.to/RQxo72diCp	RV-H-001	유사표기 검토	삼송2리_122
ST-H-058	해미	삼송2리_383	삼송2리	1	주소		없음	행복버스(해미 정류장)	https://kko.to/RQxo72diCp	RV-H-001	유사표기 검토	삼송2리_383
ST-H-059	해미	삼송2리_384	삼송2리	1	주소		없음	행복버스(해미 정류장)	https://kko.to/RQxo72diCp	RV-H-001	유사표기 검토	삼송2리_384
ST-H-060	해미	삼송2리_453	삼송2리	1	주소		없음	행복버스(해미 정류장)	https://kko.to/RQxo72diCp	RV-H-001	유사표기 검토	삼송2리_453
ST-H-061	해미	삼송2리_454	삼송2리	1	주소		없음	행복버스(해미 정류장)	https://kko.to/RQxo72diCp	RV-H-001	유사표기 검토	삼송2리_454
ST-H-062	해미	삼송리_234	삼송리	1	주소		없음	행복버스(해미 정류장)	https://kko.to/RQxo72diCp	RV-H-003	유사표기 검토	삼송리_234
ST-H-063	해미	삼송리_235	삼송리	1	주소		없음	행복버스(해미 정류장)	https://kko.to/RQxo72diCp	RV-H-003	유사표기 검토	삼송리_235
ST-H-064	해미	삼송리_271	삼송리	1	주소		없음	행복버스(해미 정류장)	https://kko.to/RQxo72diCp	RV-H-003	유사표기 검토	삼송리_271
ST-H-065	해미	삼송리_272	삼송리	1	주소		없음	행복버스(해미 정류장)	https://kko.to/RQxo72diCp	RV-H-003	유사표기 검토	삼송리_272
ST-H-066	해미	삼송리_313	삼송리	1	주소		없음	행복버스(해미 정류장)	https://kko.to/RQxo72diCp	RV-H-003	유사표기 검토	삼송리_313
ST-H-067	해미	삼송리_316	삼송리	1	주소		없음	행복버스(해미 정류장)	https://kko.to/RQxo72diCp	RV-H-003	유사표기 검토	삼송리_316
ST-H-068	해미	서산고등학교_27	서산고등학교	1	주소		없음	행복버스(해미 정류장)	https://kko.to/RQxo72diCp	RV-H-022	유사표기 검토	서산고등학교_27
ST-H-069	해미	서산고등학교_28	서산고등학교	1	주소		없음	행복버스(해미 정류장)	https://kko.to/RQxo72diCp	RV-H-022	유사표기 검토	서산고등학교_28
ST-H-070	해미	송덕암_4	송덕암	1	주소		없음	행복버스(해미 정류장)	https://kko.to/RQxo72diCp	-	원본명 기준 통합	송덕암_4
ST-H-071	해미	송덕암교차로_3	송덕암교차로	1	주소		없음	행복버스(해미 정류장)	https://kko.to/RQxo72diCp	-	원본명 기준 통합	송덕암교차로_3
ST-H-072	해미	신상2리_56-1	신상2리	1	지점	서산시 해미면 조산리 102-8	있음	행복버스(해미 정류장)	https://kko.to/RQxo72diCp	-	원본명 기준 통합	신상2리_56-1
ST-H-073	해미	신상3리_12	신상3리	1	주소		없음	행복버스(해미 정류장)	https://kko.to/RQxo72diCp	-	원본명 기준 통합	신상3리_12
ST-H-074	해미	신창리_508(개심사입구)	신창리(개심사입구)	1	지점		없음	행복버스(해미 정류장)	https://kko.to/RQxo72diCp	-	원본명 기준 통합	신창리_508(개심사입구)
ST-H-075	해미	양림리 경로당(마을회관)_256	양림리 경로당(마을회관)	1	주소		없음	행복버스(해미 정류장)	https://kko.to/RQxo72diCp	-	원본명 기준 통합	양림리 경로당(마을회관)_256
ST-H-076	해미	양림리_175	양림리	1	주소		없음	행복버스(해미 정류장)	https://kko.to/RQxo72diCp	RV-H-004	유사표기 검토	양림리_175
ST-H-077	해미	양림리_176	양림리	1	주소		없음	행복버스(해미 정류장)	https://kko.to/RQxo72diCp	RV-H-004	유사표기 검토	양림리_176
ST-H-078	해미	양림리_247	양림리	1	주소		없음	행복버스(해미 정류장)	https://kko.to/RQxo72diCp	RV-H-004	유사표기 검토	양림리_247
ST-H-079	해미	양림리_248	양림리	1	주소		없음	행복버스(해미 정류장)	https://kko.to/RQxo72diCp	RV-H-004	유사표기 검토	양림리_248
ST-H-080	해미	양림리_301	양림리	1	주소		없음	행복버스(해미 정류장)	https://kko.to/RQxo72diCp	RV-H-004	유사표기 검토	양림리_301
ST-H-081	해미	양림리_302	양림리	1	주소		없음	행복버스(해미 정류장)	https://kko.to/RQxo72diCp	RV-H-004	유사표기 검토	양림리_302
ST-H-082	해미	억대리 경로당(마을회관)_859-3	억대리 경로당(마을회관)	1	주소		없음	행복버스(해미 정류장)	https://kko.to/RQxo72diCp	-	원본명 기준 통합	억대리 경로당(마을회관)_859-3
ST-H-083	해미	억대리_859-2	억대리	1	주소		없음	행복버스(해미 정류장)	https://kko.to/RQxo72diCp	RV-H-014	유사표기 검토	억대리_859-2
ST-H-084	해미	억대리_860	억대리	1	주소		없음	행복버스(해미 정류장)	https://kko.to/RQxo72diCp	RV-H-014	유사표기 검토	억대리_860
ST-H-085	해미	억대리_896	억대리	1	주소		없음	행복버스(해미 정류장)	https://kko.to/RQxo72diCp	RV-H-014	유사표기 검토	억대리_896
ST-H-086	해미	언암초등학교_2	언암초등학교	1	주소		없음	행복버스(해미 정류장)	https://kko.to/RQxo72diCp	RV-H-023	유사표기 검토	언암초등학교_2
ST-H-087	해미	언암초등학교_3	언암초등학교	1	주소		없음	행복버스(해미 정류장)	https://kko.to/RQxo72diCp	RV-H-023	유사표기 검토	언암초등학교_3
ST-H-088	해미	업더지_839	업더지	1	주소		없음	행복버스(해미 정류장)	https://kko.to/RQxo72diCp	RV-H-024	유사표기 검토	업더지_839
ST-H-089	해미	업더지_842	업더지	1	주소		없음	행복버스(해미 정류장)	https://kko.to/RQxo72diCp	RV-H-024	유사표기 검토	업더지_842
ST-H-090	해미	오학리 경로당(마을회관)_48	오학리 경로당(마을회관)	1	주소		없음	행복버스(해미 정류장)	https://kko.to/RQxo72diCp	-	원본명 기준 통합	오학리 경로당(마을회관)_48
ST-H-091	해미	오학리_1	오학리	1	주소		없음	행복버스(해미 정류장)	https://kko.to/RQxo72diCp	RV-H-015	유사표기 검토	오학리_1
ST-H-092	해미	오학리_66	오학리	1	주소		없음	행복버스(해미 정류장)	https://kko.to/RQxo72diCp	RV-H-015	유사표기 검토	오학리_66
ST-H-093	해미	오학리_144	오학리	1	주소		없음	행복버스(해미 정류장)	https://kko.to/RQxo72diCp	RV-H-015	유사표기 검토	오학리_144
ST-H-094	해미	용암리_8-6	용암리	1	주소		없음	행복버스(해미 정류장)	https://kko.to/RQxo72diCp	-	원본명 기준 통합	용암리_8-6
ST-H-095	해미	웅소성리_783	웅소성리	1	주소		없음	행복버스(해미 정류장)	https://kko.to/RQxo72diCp	RV-H-025	유사표기 검토	웅소성리_783
ST-H-096	해미	웅소성리_784	웅소성리	1	주소		없음	행복버스(해미 정류장)	https://kko.to/RQxo72diCp	RV-H-025	유사표기 검토	웅소성리_784
ST-H-097	해미	웅소성리마을회관_65	웅소성리마을회관	1	주소		없음	행복버스(해미 정류장)	https://kko.to/RQxo72diCp	-	원본명 기준 통합	웅소성리마을회관_65
ST-H-098	해미	원터_377	원터	1	주소		없음	행복버스(해미 정류장)	https://kko.to/RQxo72diCp	RV-H-026	유사표기 검토	원터_377
ST-H-099	해미	원터_392	원터	1	주소		없음	행복버스(해미 정류장)	https://kko.to/RQxo72diCp	RV-H-026	유사표기 검토	원터_392
ST-H-100	해미	읍내3리 경로당(마을회관)_6	읍내3리 경로당(마을회관)	1	주소		없음	행복버스(해미 정류장)	https://kko.to/RQxo72diCp	-	원본명 기준 통합	읍내3리 경로당(마을회관)_6
ST-H-101	해미	응평리 경로당(마을회관)_49	응평리 경로당(마을회관)	1	주소		없음	행복버스(해미 정류장)	https://kko.to/RQxo72diCp	-	원본명 기준 통합	응평리 경로당(마을회관)_49
ST-H-102	해미	응평리_85	응평리	1	주소		없음	행복버스(해미 정류장)	https://kko.to/RQxo72diCp	RV-H-027	유사표기 검토	응평리_85
ST-H-103	해미	응평리_86	응평리	1	주소		없음	행복버스(해미 정류장)	https://kko.to/RQxo72diCp	RV-H-027	유사표기 검토	응평리_86
ST-H-104	해미	장미빌라_249	장미빌라	1	주소		없음	행복버스(해미 정류장)	https://kko.to/RQxo72diCp	RV-H-028	유사표기 검토	장미빌라_249
ST-H-105	해미	장미빌라_250	장미빌라	1	주소		없음	행복버스(해미 정류장)	https://kko.to/RQxo72diCp	RV-H-028	유사표기 검토	장미빌라_250
ST-H-106	해미	장승고개앞_37	장승고개앞	1	주소		없음	행복버스(해미 정류장)	https://kko.to/RQxo72diCp	RV-H-029	유사표기 검토	장승고개앞_37
ST-H-107	해미	장승고개앞_38	장승고개앞	1	주소		없음	행복버스(해미 정류장)	https://kko.to/RQxo72diCp	RV-H-029	유사표기 검토	장승고개앞_38
ST-H-108	해미	저성리 경로당(마을회관)_128-10	저성리 경로당(마을회관)	1	주소		없음	행복버스(해미 정류장)	https://kko.to/RQxo72diCp	-	원본명 기준 통합	저성리 경로당(마을회관)_128-10
ST-H-109	해미	저성리_190	저성리	1	지점	충남 서산시 해미면 저성리 250-3	있음	행복버스(해미 정류장)	https://kko.to/RQxo72diCp	RV-H-030	유사표기 검토	저성리_190
ST-H-110	해미	저성리_232	저성리	1	지점	충남 서산시 해미면 저성리 산 8-5	있음	행복버스(해미 정류장)	https://kko.to/RQxo72diCp	RV-H-030	유사표기 검토	저성리_232
ST-H-111	해미	전내_939	전내	1	주소		없음	행복버스(해미 정류장)	https://kko.to/RQxo72diCp	RV-H-031	유사표기 검토	전내_939
ST-H-112	해미	전내_940	전내	1	주소		없음	행복버스(해미 정류장)	https://kko.to/RQxo72diCp	RV-H-031	유사표기 검토	전내_940
ST-H-113	해미	전천리 경로당(마을회관)_60	전천리 경로당(마을회관)	1	주소		없음	행복버스(해미 정류장)	https://kko.to/RQxo72diCp	-	원본명 기준 통합	전천리 경로당(마을회관)_60
ST-H-114	해미	전천리_26-43	전천리	1	주소		없음	행복버스(해미 정류장)	https://kko.to/RQxo72diCp	RV-H-032	유사표기 검토	전천리_26-43
ST-H-115	해미	전천리_26-45	전천리	1	주소		없음	행복버스(해미 정류장)	https://kko.to/RQxo72diCp	RV-H-032	유사표기 검토	전천리_26-45
ST-H-116	해미	조산리 경로당(마을회관)_33-7	조산리 경로당(마을회관)	1	주소		없음	행복버스(해미 정류장)	https://kko.to/RQxo72diCp	-	원본명 기준 통합	조산리 경로당(마을회관)_33-7
ST-H-117	해미	조산리_27	조산리	1	주소		없음	행복버스(해미 정류장)	https://kko.to/RQxo72diCp	RV-H-033	유사표기 검토	조산리_27
ST-H-118	해미	조산리_28	조산리	1	주소		없음	행복버스(해미 정류장)	https://kko.to/RQxo72diCp	RV-H-033	유사표기 검토	조산리_28
ST-H-119	해미	충남 서산시 해미면 산수1길 134	충남 서산시 해미면 산수1길	1	지점		없음	행복버스(해미 정류장)	https://kko.to/RQxo72diCp	-	원본명 기준 통합	충남 서산시 해미면 산수1길 134
ST-H-120	해미	하나로마트_9	하나로마트	1	주소		없음	행복버스(해미 정류장)	https://kko.to/RQxo72diCp	RV-H-034	유사표기 검토	하나로마트_9
ST-H-121	해미	하나로마트_10	하나로마트	1	주소		없음	행복버스(해미 정류장)	https://kko.to/RQxo72diCp	RV-H-034	유사표기 검토	하나로마트_10
ST-H-122	해미	한서대_311	한서대	1	주소		없음	행복버스(해미 정류장)	https://kko.to/RQxo72diCp	-	원본명 기준 통합	한서대_311
ST-H-123	해미	한서대정문_323	한서대정문	1	주소		없음	행복버스(해미 정류장)	https://kko.to/RQxo72diCp	RV-H-035	유사표기 검토	한서대정문_323
ST-H-124	해미	한서대정문_332	한서대정문	1	주소		없음	행복버스(해미 정류장)	https://kko.to/RQxo72diCp	RV-H-035	유사표기 검토	한서대정문_332
ST-H-125	해미	한서대학교_44	한서대학교	1	주소		없음	행복버스(해미 정류장)	https://kko.to/RQxo72diCp	-	원본명 기준 통합	한서대학교_44
ST-H-126	해미	한우명가백제_16	한우명가백제	1	주소		없음	행복버스(해미 정류장)	https://kko.to/RQxo72diCp	-	원본명 기준 통합	한우명가백제_16
ST-H-127	해미	한우명가벡제_15	한우명가벡제	1	주소		없음	행복버스(해미 정류장)	https://kko.to/RQxo72diCp	-	원본명 기준 통합	한우명가벡제_15
ST-H-128	해미	해미_176	해미	1	주소		없음	행복버스(해미 정류장)	https://kko.to/RQxo72diCp	-	원본명 기준 통합	해미_176
ST-H-129	해미	해미시내버스승강장_30-2	해미시내버스승강장	1	주소		없음	행복버스(해미 정류장)	https://kko.to/RQxo72diCp	-	원본명 기준 통합	해미시내버스승강장_30-2
ST-H-130	해미	해미우체국_3	해미우체국	1	주소		없음	행복버스(해미 정류장)	https://kko.to/RQxo72diCp	RV-H-036	유사표기 검토	해미우체국_3
ST-H-131	해미	해미우체국_4	해미우체국	1	주소		없음	행복버스(해미 정류장)	https://kko.to/RQxo72diCp	RV-H-036	유사표기 검토	해미우체국_4
ST-H-132	해미	해미중학교_93	해미중학교	1	주소		없음	행복버스(해미 정류장)	https://kko.to/RQxo72diCp	RV-H-037	유사표기 검토	해미중학교_93
ST-H-133	해미	해미중학교_98	해미중학교	1	주소		없음	행복버스(해미 정류장)	https://kko.to/RQxo72diCp	RV-H-037	유사표기 검토	해미중학교_98
ST-H-134	해미	해미향교_103	해미향교	1	주소		없음	행복버스(해미 정류장)	https://kko.to/RQxo72diCp	RV-H-038	유사표기 검토	해미향교_103
ST-H-135	해미	해미향교_104	해미향교	1	주소		없음	행복버스(해미 정류장)	https://kko.to/RQxo72diCp	RV-H-038	유사표기 검토	해미향교_104
ST-H-136	해미	홍천1리 경로당(마을회관)_3-2	홍천1리 경로당(마을회관)	1	주소		없음	행복버스(해미 정류장)	https://kko.to/RQxo72diCp	-	원본명 기준 통합	홍천1리 경로당(마을회관)_3-2
ST-H-137	해미	홍천1리_389	홍천1리	1	주소		없음	행복버스(해미 정류장)	https://kko.to/RQxo72diCp	RV-H-007	유사표기 검토	홍천1리_389
ST-H-138	해미	홍천1리_390	홍천1리	1	주소		없음	행복버스(해미 정류장)	https://kko.to/RQxo72diCp	RV-H-007	유사표기 검토	홍천1리_390
ST-H-139	해미	홍천1리_447	홍천1리	1	주소		없음	행복버스(해미 정류장)	https://kko.to/RQxo72diCp	RV-H-007	유사표기 검토	홍천1리_447
ST-H-140	해미	홍천1리_448	홍천1리	1	주소		없음	행복버스(해미 정류장)	https://kko.to/RQxo72diCp	RV-H-007	유사표기 검토	홍천1리_448
ST-H-141	해미	홍천2리 경로당(마을회관)_240	홍천2리 경로당(마을회관)	1	주소		없음	행복버스(해미 정류장)	https://kko.to/RQxo72diCp	-	원본명 기준 통합	홍천2리 경로당(마을회관)_240
ST-H-142	해미	홍천2리_127	홍천2리	1	주소		없음	행복버스(해미 정류장)	https://kko.to/RQxo72diCp	RV-H-008	유사표기 검토	홍천2리_127
ST-H-143	해미	홍천2리_128	홍천2리	1	주소		없음	행복버스(해미 정류장)	https://kko.to/RQxo72diCp	RV-H-008	유사표기 검토	홍천2리_128
ST-H-144	해미	홍천2리_203	홍천2리	1	주소		없음	행복버스(해미 정류장)	https://kko.to/RQxo72diCp	RV-H-008	유사표기 검토	홍천2리_203
ST-H-145	해미	홍천2리_206-1	홍천2리	1	주소		없음	행복버스(해미 정류장)	https://kko.to/RQxo72diCp	RV-H-008	유사표기 검토	홍천2리_206-1
ST-H-146	해미	홍천리_311	홍천리	1	주소		없음	행복버스(해미 정류장)	https://kko.to/RQxo72diCp	RV-H-009	유사표기 검토	홍천리_311
ST-H-147	해미	홍천리_312	홍천리	1	주소		없음	행복버스(해미 정류장)	https://kko.to/RQxo72diCp	RV-H-009	유사표기 검토	홍천리_312
ST-H-148	해미	홍천리_365	홍천리	1	주소		없음	행복버스(해미 정류장)	https://kko.to/RQxo72diCp	RV-H-009	유사표기 검토	홍천리_365
ST-H-149	해미	홍천리_366	홍천리	1	주소		없음	행복버스(해미 정류장)	https://kko.to/RQxo72diCp	RV-H-009	유사표기 검토	홍천리_366
ST-H-150	해미	황락리 경로당(마을회관)_103-8	황락리 경로당(마을회관)	1	주소		없음	행복버스(해미 정류장)	https://kko.to/RQxo72diCp	-	원본명 기준 통합	황락리 경로당(마을회관)_103-8
ST-H-151	해미	휴암리 경로당(마을회관)_298	휴암리 경로당(마을회관)	1	주소		없음	행복버스(해미 정류장)	https://kko.to/RQxo72diCp	-	원본명 기준 통합	휴암리 경로당(마을회관)_298
ST-H-152	해미	휴암리_293	휴암리	1	주소		없음	행복버스(해미 정류장)	https://kko.to/RQxo72diCp	RV-H-039	유사표기 검토	휴암리_293
ST-H-153	해미	휴암리_296	휴암리	1	주소		없음	행복버스(해미 정류장)	https://kko.to/RQxo72diCp	RV-H-039	유사표기 검토	휴암리_296
ST-G-001	고북	가구1리 경로당(마을회관)_248-39	가구1리 경로당(마을회관)	1	주소		없음	행복버스(고북 정류장)	https://kko.to/3j76rSlFKa	-	원본명 기준 통합	가구1리 경로당(마을회관)_248-39
ST-G-002	고북	가구2리 경로당(마을회관)_254	가구2리 경로당(마을회관)	1	주소		없음	행복버스(고북 정류장)	https://kko.to/3j76rSlFKa	-	원본명 기준 통합	가구2리 경로당(마을회관)_254
ST-G-003	고북	가구2리_414-5	가구2리	1	주소		없음	행복버스(고북 정류장)	https://kko.to/3j76rSlFKa	RV-G-014	유사표기 검토	가구2리_414-5
ST-G-004	고북	가구2리_593	가구2리	1	지점	충남 서산시 고북면 가구리 166-33	있음	행복버스(고북 정류장)	https://kko.to/3j76rSlFKa	RV-G-014	유사표기 검토	가구2리_593
ST-G-005	고북	가구2리_594	가구2리	1	지점	충남 서산시 고북면 가구리 166-33	있음	행복버스(고북 정류장)	https://kko.to/3j76rSlFKa	RV-G-014	유사표기 검토	가구2리_594
ST-G-006	고북	가구리_212	가구리	1	지점	충남 서산시 고북면 가구리 694-2	있음	행복버스(고북 정류장)	https://kko.to/3j76rSlFKa	-	원본명 기준 통합	가구리_212
ST-G-007	고북	고북면소재지_308	고북면소재지	1	지점	충남 서산시 고북면 가구리 686	있음	행복버스(고북 정류장)	https://kko.to/3j76rSlFKa	-	원본명 기준 통합	고북면소재지_308
ST-G-008	고북	고북면행정복지센터_290	고북면행정복지센터	1	지점	충남 서산시 고북면 가구리 675	있음	행복버스(고북 정류장)	https://kko.to/3j76rSlFKa	-	원본명 기준 통합	고북면행정복지센터_290
ST-G-009	고북	고북산업단지_17(코넥)	고북산업단지(코넥)	1	지점	충남 서산시 고북면 신송리 595-47	있음	행복버스(고북 정류장)	https://kko.to/3j76rSlFKa	RV-G-020	유사표기 검토	고북산업단지_17(코넥)
ST-G-010	고북	고북산업단지_18(코넥)	고북산업단지(코넥)	1	지점	충남 서산시 고북면 신송리 595-46	있음	행복버스(고북 정류장)	https://kko.to/3j76rSlFKa	RV-G-020	유사표기 검토	고북산업단지_18(코넥)
ST-G-011	고북	고북초등학교_21	고북초등학교	1	지점	충남 서산시 고북면 기포리 293-4	있음	행복버스(고북 정류장)	https://kko.to/3j76rSlFKa	RV-G-021	유사표기 검토	고북초등학교_21
ST-G-012	고북	고북초등학교_22	고북초등학교	1	지점	충남 서산시 고북면 기포리 293-7	있음	행복버스(고북 정류장)	https://kko.to/3j76rSlFKa	RV-G-021	유사표기 검토	고북초등학교_22
ST-G-013	고북	공군비행장_128-31	공군비행장	1	지점	충남 서산시 고북면 신정리 산 19-1	있음	행복버스(고북 정류장)	https://kko.to/3j76rSlFKa	-	원본명 기준 통합	공군비행장_128-31
ST-G-014	고북	국굴마을	국굴마을	1	지점		없음	행복버스(고북 정류장)	https://kko.to/3j76rSlFKa	-	원본명 기준 통합	국굴마을
ST-G-015	고북	기포1리 경로당(마을회관)_63-8	기포1리 경로당(마을회관)	1	주소		없음	행복버스(고북 정류장)	https://kko.to/3j76rSlFKa	-	원본명 기준 통합	기포1리 경로당(마을회관)_63-8
ST-G-016	고북	기포1리마을회관앞_64	기포1리마을회관앞	1	주소		없음	행복버스(고북 정류장)	https://kko.to/3j76rSlFKa	-	원본명 기준 통합	기포1리마을회관앞_64
ST-G-017	고북	기포2리 경로당(마을회관)_28-10	기포2리 경로당(마을회관)	1	주소		없음	행복버스(고북 정류장)	https://kko.to/3j76rSlFKa	-	원본명 기준 통합	기포2리 경로당(마을회관)_28-10
ST-G-018	고북	기포2리_414-4	기포2리	1	지점	충남 서산시 고북면 가구리 664-18	있음	행복버스(고북 정류장)	https://kko.to/3j76rSlFKa	-	원본명 기준 통합	기포2리_414-4
ST-G-019	고북	기포교차로_320	기포교차로	1	지점	충남 서산시 고북면 용암리 668-143	있음	행복버스(고북 정류장)	https://kko.to/3j76rSlFKa	RV-G-022	유사표기 검토	기포교차로_320
ST-G-020	고북	기포교차로_2207	기포교차로	1	지점	충남 서산시 고북면 용암리 산 167-1	있음	행복버스(고북 정류장)	https://kko.to/3j76rSlFKa	RV-G-022	유사표기 검토	기포교차로_2207
ST-G-021	고북	남정1리 경로당(마을회관)_78	남정1리 경로당(마을회관)	1	주소		없음	행복버스(고북 정류장)	https://kko.to/3j76rSlFKa	-	원본명 기준 통합	남정1리 경로당(마을회관)_78
ST-G-022	고북	남정1리_199	남정1리	1	지점	충남 서산시 고북면 남정리 715	있음	행복버스(고북 정류장)	https://kko.to/3j76rSlFKa	RV-G-011	유사표기 검토	남정1리_199
ST-G-023	고북	남정1리_200	남정1리	1	지점	충남 서산시 고북면 남정리 736	있음	행복버스(고북 정류장)	https://kko.to/3j76rSlFKa	RV-G-011	유사표기 검토	남정1리_200
ST-G-024	고북	남정1리_231	남정1리	1	지점	충남 서산시 고북면 남정리 355-1	있음	행복버스(고북 정류장)	https://kko.to/3j76rSlFKa	RV-G-011	유사표기 검토	남정1리_231
ST-G-025	고북	남정1리_232	남정1리	1	지점	충남 서산시 고북면 남정리 355-1	있음	행복버스(고북 정류장)	https://kko.to/3j76rSlFKa	RV-G-011	유사표기 검토	남정1리_232
ST-G-026	고북	남정1리입구_71	남정1리입구	1	지점		없음	행복버스(고북 정류장)	https://kko.to/3j76rSlFKa	-	원본명 기준 통합	남정1리입구_71
ST-G-027	고북	남정2리 경로당(마을회관)_311	남정2리 경로당(마을회관)	1	주소		없음	행복버스(고북 정류장)	https://kko.to/3j76rSlFKa	-	원본명 기준 통합	남정2리 경로당(마을회관)_311
ST-G-028	고북	남정2리_235	남정2리	1	지점	14303	있음	행복버스(고북 정류장)	https://kko.to/3j76rSlFKa	RV-G-009	유사표기 검토	남정2리_235
ST-G-029	고북	남정2리_277	남정2리	1	지점	충남 서산시 고북면 남정리 526-2	있음	행복버스(고북 정류장)	https://kko.to/3j76rSlFKa	RV-G-009	유사표기 검토	남정2리_277
ST-G-030	고북	남정2리_278	남정2리	1	지점	충남 서산시 고북면 남정리 528-11	있음	행복버스(고북 정류장)	https://kko.to/3j76rSlFKa	RV-G-009	유사표기 검토	남정2리_278
ST-G-031	고북	남정2리_317	남정2리	1	지점	충남 서산시 고북면 고북3로 319	있음	행복버스(고북 정류장)	https://kko.to/3j76rSlFKa	RV-G-009	유사표기 검토	남정2리_317
ST-G-032	고북	남정2리_318	남정2리	1	지점	14297	있음	행복버스(고북 정류장)	https://kko.to/3j76rSlFKa	RV-G-009	유사표기 검토	남정2리_318
ST-G-033	고북	남정3리 경로당(마을회관)_78-46	남정3리 경로당(마을회관)	1	주소		없음	행복버스(고북 정류장)	https://kko.to/3j76rSlFKa	-	원본명 기준 통합	남정3리 경로당(마을회관)_78-46
ST-G-034	고북	남정3리 무더위쉼터_22	남정3리 무더위쉼터	1	주소		없음	행복버스(고북 정류장)	https://kko.to/3j76rSlFKa	-	원본명 기준 통합	남정3리 무더위쉼터_22
ST-G-035	고북	남정3리_125	남정3리	1	지점	충남 서산시 고북면 기포리 148	있음	행복버스(고북 정류장)	https://kko.to/3j76rSlFKa	RV-G-023	유사표기 검토	남정3리_125
ST-G-036	고북	남정3리_128	남정3리	1	지점	충남 서산시 고북면 기포리 135	있음	행복버스(고북 정류장)	https://kko.to/3j76rSlFKa	RV-G-023	유사표기 검토	남정3리_128
ST-G-037	고북	남정교_153	남정교	1	지점	충남 서산시 고북면 기포리 135	있음	행복버스(고북 정류장)	https://kko.to/3j76rSlFKa	RV-G-024	유사표기 검토	남정교_153
ST-G-038	고북	남정교_156	남정교	1	지점	충남 서산시 고북면 기포리 135	있음	행복버스(고북 정류장)	https://kko.to/3j76rSlFKa	RV-G-024	유사표기 검토	남정교_156
ST-G-039	고북	농협주유소_291	농협주유소	1	지점	충남 서산시 고북면 기포리 308-4	있음	행복버스(고북 정류장)	https://kko.to/3j76rSlFKa	-	원본명 기준 통합	농협주유소_291
ST-G-040	고북	면소재지_307	면소재지	1	지점	충남 서산시 고북면 기포리 299-13	있음	행복버스(고북 정류장)	https://kko.to/3j76rSlFKa	-	원본명 기준 통합	면소재지_307
ST-G-041	고북	문화마을_207	문화마을	1	지점	충남 서산시 고북면 신송리 595-90	있음	행복버스(고북 정류장)	https://kko.to/3j76rSlFKa	-	원본명 기준 통합	문화마을_207
ST-G-042	고북	봉생1리 경로당(마을회관)_58-4	봉생1리 경로당(마을회관)	1	주소		없음	행복버스(고북 정류장)	https://kko.to/3j76rSlFKa	-	원본명 기준 통합	봉생1리 경로당(마을회관)_58-4
ST-G-043	고북	봉생1리_31-2	봉생1리	1	지점	충남 서산시 고북면 봉생리 670	있음	행복버스(고북 정류장)	https://kko.to/3j76rSlFKa	RV-G-007	유사표기 검토	봉생1리_31-2
ST-G-044	고북	봉생1리_31-19	봉생1리	1	지점	충남 서산시 고북면 봉생리 670	있음	행복버스(고북 정류장)	https://kko.to/3j76rSlFKa	RV-G-007	유사표기 검토	봉생1리_31-19
ST-G-045	고북	봉생1리_31-20	봉생1리	1	지점	충남 서산시 고북면 봉생리 188	있음	행복버스(고북 정류장)	https://kko.to/3j76rSlFKa	RV-G-007	유사표기 검토	봉생1리_31-20
ST-G-046	고북	봉생1리_313(삼포)	봉생1리(삼포)	1	주소		없음	행복버스(고북 정류장)	https://kko.to/3j76rSlFKa	-	원본명 기준 통합	봉생1리_313(삼포)
ST-G-047	고북	봉생1리_316	봉생1리	1	지점	충남 서산시 고북면 봉생리 77-4	있음	행복버스(고북 정류장)	https://kko.to/3j76rSlFKa	RV-G-007	유사표기 검토	봉생1리_316
ST-G-048	고북	봉생1리_339	봉생1리	1	지점	충남 서산시 고북면 봉생리 123-21	있음	행복버스(고북 정류장)	https://kko.to/3j76rSlFKa	RV-G-007	유사표기 검토	봉생1리_339
ST-G-049	고북	봉생1리_340	봉생1리	1	지점	충남 서산시 고북면 정자리 520-2	있음	행복버스(고북 정류장)	https://kko.to/3j76rSlFKa	RV-G-007	유사표기 검토	봉생1리_340
ST-G-050	고북	봉생1리종점_101	봉생1리종점	1	지점	충남 서산시 고북면 봉생리 산 25-4	있음	행복버스(고북 정류장)	https://kko.to/3j76rSlFKa	-	원본명 기준 통합	봉생1리종점_101
ST-G-051	고북	봉생2리 경로당(마을회관)_95	봉생2리 경로당(마을회관)	1	주소		없음	행복버스(고북 정류장)	https://kko.to/3j76rSlFKa	-	원본명 기준 통합	봉생2리 경로당(마을회관)_95
ST-G-052	고북	봉생2리_117-1	봉생2리	1	지점	충남 서산시 고북면 봉생리 441-3	있음	행복버스(고북 정류장)	https://kko.to/3j76rSlFKa	RV-G-012	유사표기 검토	봉생2리_117-1
ST-G-053	고북	봉생2리_267	봉생2리	1	지점	충남 서산시 고북면 정자리 304-5	있음	행복버스(고북 정류장)	https://kko.to/3j76rSlFKa	RV-G-012	유사표기 검토	봉생2리_267
ST-G-054	고북	봉생2리_269	봉생2리	1	지점	충남 서산시 고북면 정자리 321-5	있음	행복버스(고북 정류장)	https://kko.to/3j76rSlFKa	RV-G-012	유사표기 검토	봉생2리_269
ST-G-055	고북	봉생2리_270	봉생2리	1	지점	충남 서산시 고북면 정자리 321-8	있음	행복버스(고북 정류장)	https://kko.to/3j76rSlFKa	RV-G-012	유사표기 검토	봉생2리_270
ST-G-056	고북	봉생2리회관_91	봉생2리회관	1	지점	충남 서산시 고북면 생천길 93-1	있음	행복버스(고북 정류장)	https://kko.to/3j76rSlFKa	RV-G-025	유사표기 검토	봉생2리회관_91
ST-G-057	고북	봉생2리회관_94	봉생2리회관	1	지점	충남 서산시 고북면 봉생리 373-2	있음	행복버스(고북 정류장)	https://kko.to/3j76rSlFKa	RV-G-025	유사표기 검토	봉생2리회관_94
ST-G-058	고북	봉생리_41	봉생리	1	지점	충남 서산시 고북면 봉생리 19-2	있음	행복버스(고북 정류장)	https://kko.to/3j76rSlFKa	RV-G-026	유사표기 검토	봉생리_41
ST-G-059	고북	봉생리_42	봉생리	1	지점	충남 서산시 고북면 봉생리 18-5	있음	행복버스(고북 정류장)	https://kko.to/3j76rSlFKa	RV-G-026	유사표기 검토	봉생리_42
ST-G-060	고북	사기리 경로당(마을회관)_467	사기리 경로당(마을회관)	1	주소		없음	행복버스(고북 정류장)	https://kko.to/3j76rSlFKa	-	원본명 기준 통합	사기리 경로당(마을회관)_467
ST-G-061	고북	사기리_381	사기리	1	지점	충남 서산시 고북면 사기리 13-30	있음	행복버스(고북 정류장)	https://kko.to/3j76rSlFKa	RV-G-003	유사표기 검토	사기리_381
ST-G-062	고북	사기리_382	사기리	1	지점	충남 서산시 고북면 사기리 13-30	있음	행복버스(고북 정류장)	https://kko.to/3j76rSlFKa	RV-G-003	유사표기 검토	사기리_382
ST-G-063	고북	사기리_429	사기리	1	지점	충남 서산시 고북면 사기리 94-28	있음	행복버스(고북 정류장)	https://kko.to/3j76rSlFKa	RV-G-003	유사표기 검토	사기리_429
ST-G-064	고북	사기리_430	사기리	1	지점	충남 서산시 고북면 사기리 94-9	있음	행복버스(고북 정류장)	https://kko.to/3j76rSlFKa	RV-G-003	유사표기 검토	사기리_430
ST-G-065	고북	사기리_493	사기리	1	지점	충남 서산시 고북면 사기리 271-17	있음	행복버스(고북 정류장)	https://kko.to/3j76rSlFKa	RV-G-003	유사표기 검토	사기리_493
ST-G-066	고북	사기리_494	사기리	1	지점	14360	있음	행복버스(고북 정류장)	https://kko.to/3j76rSlFKa	RV-G-003	유사표기 검토	사기리_494
ST-G-067	고북	사기리_517	사기리	1	지점	충남 서산시 고북면 사기리 370-7	있음	행복버스(고북 정류장)	https://kko.to/3j76rSlFKa	RV-G-003	유사표기 검토	사기리_517
ST-G-068	고북	사기리_518	사기리	1	지점	충남 서산시 고북면 사기리 363-5	있음	행복버스(고북 정류장)	https://kko.to/3j76rSlFKa	RV-G-003	유사표기 검토	사기리_518
ST-G-069	고북	사기리종점_547	사기리종점	1	지점	충남 서산시 고북면 사기리 340-7	있음	행복버스(고북 정류장)	https://kko.to/3j76rSlFKa	-	원본명 기준 통합	사기리종점_547
ST-G-070	고북	사기정미소_477	사기정미소	1	지점	충남 서산시 고북면 사기리 257-2	있음	행복버스(고북 정류장)	https://kko.to/3j76rSlFKa	RV-G-027	유사표기 검토	사기정미소_477
ST-G-071	고북	사기정미소_478	사기정미소	1	지점	충남 서산시 고북면 사기리 257-7	있음	행복버스(고북 정류장)	https://kko.to/3j76rSlFKa	RV-G-027	유사표기 검토	사기정미소_478
ST-G-072	고북	산직마을_2459	산직마을	1	지점		없음	행복버스(고북 정류장)	https://kko.to/3j76rSlFKa	-	원본명 기준 통합	산직마을_2459
ST-G-073	고북	신남정리_211	신남정리	1	주소		없음	행복버스(고북 정류장)	https://kko.to/3j76rSlFKa	-	원본명 기준 통합	신남정리_211
ST-G-074	고북	신상1리 경로당(마을회관)_66	신상1리 경로당(마을회관)	1	주소		없음	행복버스(고북 정류장)	https://kko.to/3j76rSlFKa	-	원본명 기준 통합	신상1리 경로당(마을회관)_66
ST-G-075	고북	신상2리 경로당(마을회관)_96-2	신상2리 경로당(마을회관)	1	주소		없음	행복버스(고북 정류장)	https://kko.to/3j76rSlFKa	-	원본명 기준 통합	신상2리 경로당(마을회관)_96-2
ST-G-076	고북	신상2리_57	신상2리	1	지점	충남 서산시 고북면 신상리 37-14	있음	행복버스(고북 정류장)	https://kko.to/3j76rSlFKa	RV-G-015	유사표기 검토	신상2리_57
ST-G-077	고북	신상2리_94	신상2리	1	지점	충남 서산시 고북면 신상리 1153-1	있음	행복버스(고북 정류장)	https://kko.to/3j76rSlFKa	RV-G-015	유사표기 검토	신상2리_94
ST-G-078	고북	신상2리_189	신상2리	1	지점	충남 서산시 고북면 신상리 421-4	있음	행복버스(고북 정류장)	https://kko.to/3j76rSlFKa	RV-G-015	유사표기 검토	신상2리_189
ST-G-079	고북	신상2리.중앙교회앞_129	신상2리.중앙교회앞	1	지점	충남 서산시 고북면 신상리 1081-1	있음	행복버스(고북 정류장)	https://kko.to/3j76rSlFKa	-	원본명 기준 통합	신상2리.중앙교회앞_129
ST-G-080	고북	신상2리회관_95	신상2리회관	1	지점	충남 서산시 고북면 신상리 1380	있음	행복버스(고북 정류장)	https://kko.to/3j76rSlFKa	-	원본명 기준 통합	신상2리회관_95
ST-G-081	고북	신상3리 경로당(마을회관)_39	신상3리 경로당(마을회관)	1	주소		없음	행복버스(고북 정류장)	https://kko.to/3j76rSlFKa	-	원본명 기준 통합	신상3리 경로당(마을회관)_39
ST-G-082	고북	신상3리_11	신상3리	1	지점	서산시 고북면 신상리 755	있음	행복버스(고북 정류장)	https://kko.to/3j76rSlFKa	-	원본명 기준 통합	신상3리_11
ST-G-083	고북	신상리_77-18	신상리	1	지점	충남 서산시 고북면 신상리 316-1	있음	행복버스(고북 정류장)	https://kko.to/3j76rSlFKa	RV-G-006	유사표기 검토	신상리_77-18
ST-G-084	고북	신상리_212	신상리	1	지점	충남 서산시 고북면 신상리 1382	있음	행복버스(고북 정류장)	https://kko.to/3j76rSlFKa	RV-G-006	유사표기 검토	신상리_212
ST-G-085	고북	신상리_2255	신상리	1	지점	14246 서산시 고북면 신상리 산 96-1	있음	행복버스(고북 정류장)	https://kko.to/3j76rSlFKa	RV-G-006	유사표기 검토	신상리_2255
ST-G-086	고북	신상리_2278	신상리	1	지점	충남 서산시 고북면 신상리 308-5	있음	행복버스(고북 정류장)	https://kko.to/3j76rSlFKa	RV-G-006	유사표기 검토	신상리_2278
ST-G-087	고북	신상리_2284	신상리	1	지점	충남 서산시 고북면 신상리 3330	있음	행복버스(고북 정류장)	https://kko.to/3j76rSlFKa	RV-G-006	유사표기 검토	신상리_2284
ST-G-088	고북	신상리_2339	신상리	1	지점	충남 서산시 고북면 신상리 123-4	있음	행복버스(고북 정류장)	https://kko.to/3j76rSlFKa	RV-G-006	유사표기 검토	신상리_2339
ST-G-089	고북	신상리_2350-1	신상리	1	주소		없음	행복버스(고북 정류장)	https://kko.to/3j76rSlFKa	RV-G-006	유사표기 검토	신상리_2350-1
ST-G-090	고북	신상중앙교회앞_136	신상중앙교회앞	1	지점	충남 서산시 고북면 신상리 770-1	있음	행복버스(고북 정류장)	https://kko.to/3j76rSlFKa	-	원본명 기준 통합	신상중앙교회앞_136
ST-G-091	고북	신송1리 경로당(마을회관)_12	신송1리 경로당(마을회관)	1	주소		없음	행복버스(고북 정류장)	https://kko.to/3j76rSlFKa	-	원본명 기준 통합	신송1리 경로당(마을회관)_12
ST-G-092	고북	신송1리_45	신송1리	1	지점	충남 서산시 고북면 신송리 753-2	있음	행복버스(고북 정류장)	https://kko.to/3j76rSlFKa	RV-G-016	유사표기 검토	신송1리_45
ST-G-093	고북	신송1리_46	신송1리	1	지점	충남 서산시 고북면 신송리 840	있음	행복버스(고북 정류장)	https://kko.to/3j76rSlFKa	RV-G-016	유사표기 검토	신송1리_46
ST-G-094	고북	신송1리_136	신송1리	1	지점	서산시 고북면 신송리 628-2	있음	행복버스(고북 정류장)	https://kko.to/3j76rSlFKa	RV-G-016	유사표기 검토	신송1리_136
ST-G-095	고북	신송2리 경로당(마을회관)_156	신송2리 경로당(마을회관)	1	주소		없음	행복버스(고북 정류장)	https://kko.to/3j76rSlFKa	-	원본명 기준 통합	신송2리 경로당(마을회관)_156
ST-G-096	고북	신송2리_59	신송2리	1	지점	충남 서산시 고북면 신송리 519-13	있음	행복버스(고북 정류장)	https://kko.to/3j76rSlFKa	RV-G-001	유사표기 검토	신송2리_59
ST-G-097	고북	신송2리_60	신송2리	1	지점	충남 서산시 고북면 신송리 519-12	있음	행복버스(고북 정류장)	https://kko.to/3j76rSlFKa	RV-G-001	유사표기 검토	신송2리_60
ST-G-098	고북	신송2리_91	신송2리	1	지점	충남 서산시 고북면 신송리 288-3	있음	행복버스(고북 정류장)	https://kko.to/3j76rSlFKa	RV-G-001	유사표기 검토	신송2리_91
ST-G-099	고북	신송2리_92	신송2리	1	지점	충남 서산시 고북면 신송리 288-11	있음	행복버스(고북 정류장)	https://kko.to/3j76rSlFKa	RV-G-001	유사표기 검토	신송2리_92
ST-G-100	고북	신송2리_99	신송2리	1	지점	충남 서산시 고북면 가구리 467-32	있음	행복버스(고북 정류장)	https://kko.to/3j76rSlFKa	RV-G-001	유사표기 검토	신송2리_99
ST-G-101	고북	신송2리_100	신송2리	1	지점	충남 서산시 고북면 가구리 467-27	있음	행복버스(고북 정류장)	https://kko.to/3j76rSlFKa	RV-G-001	유사표기 검토	신송2리_100
ST-G-102	고북	신송2리_130	신송2리	1	지점	충남 서산시 고북면 신송리 220-3	있음	행복버스(고북 정류장)	https://kko.to/3j76rSlFKa	RV-G-001	유사표기 검토	신송2리_130
ST-G-103	고북	신송2리_131	신송2리	1	지점	충남 서산시 고북면 신송리 223-5	있음	행복버스(고북 정류장)	https://kko.to/3j76rSlFKa	RV-G-001	유사표기 검토	신송2리_131
ST-G-104	고북	신송2리_158	신송2리	1	지점		없음	행복버스(고북 정류장)	https://kko.to/3j76rSlFKa	RV-G-001	유사표기 검토	신송2리_158
ST-G-105	고북	신송2리_167	신송2리	1	주소		없음	행복버스(고북 정류장)	https://kko.to/3j76rSlFKa	RV-G-001	유사표기 검토	신송2리_167
ST-G-106	고북	신송2리_168	신송2리	1	주소		없음	행복버스(고북 정류장)	https://kko.to/3j76rSlFKa	RV-G-001	유사표기 검토	신송2리_168
ST-G-107	고북	신정1리 경로당_73	신정1리 경로당	1	주소		없음	행복버스(고북 정류장)	https://kko.to/3j76rSlFKa	-	원본명 기준 통합	신정1리 경로당_73
ST-G-108	고북	신정1리 마을회관_210-58	신정1리 마을회관	1	주소		없음	행복버스(고북 정류장)	https://kko.to/3j76rSlFKa	-	원본명 기준 통합	신정1리 마을회관_210-58
ST-G-109	고북	신정1리_203	신정1리	1	지점	14305	있음	행복버스(고북 정류장)	https://kko.to/3j76rSlFKa	RV-G-028	유사표기 검토	신정1리_203
ST-G-110	고북	신정1리_204	신정1리	1	지점	14306	있음	행복버스(고북 정류장)	https://kko.to/3j76rSlFKa	RV-G-028	유사표기 검토	신정1리_204
ST-G-111	고북	신정2리 경로당(마을회관)_114	신정2리 경로당(마을회관)	1	주소		없음	행복버스(고북 정류장)	https://kko.to/3j76rSlFKa	-	원본명 기준 통합	신정2리 경로당(마을회관)_114
ST-G-112	고북	신정2리_33	신정2리	1	주소		없음	행복버스(고북 정류장)	https://kko.to/3j76rSlFKa	RV-G-004	유사표기 검토	신정2리_33
ST-G-113	고북	신정2리_34	신정2리	1	주소		없음	행복버스(고북 정류장)	https://kko.to/3j76rSlFKa	RV-G-004	유사표기 검토	신정2리_34
ST-G-114	고북	신정2리_97	신정2리	1	주소		없음	행복버스(고북 정류장)	https://kko.to/3j76rSlFKa	RV-G-004	유사표기 검토	신정2리_97
ST-G-115	고북	신정2리_98	신정2리	1	주소		없음	행복버스(고북 정류장)	https://kko.to/3j76rSlFKa	RV-G-004	유사표기 검토	신정2리_98
ST-G-116	고북	신정2리_123	신정2리	1	지점	충남 서산시 고북면 신정리 277-11	있음	행복버스(고북 정류장)	https://kko.to/3j76rSlFKa	RV-G-004	유사표기 검토	신정2리_123
ST-G-117	고북	신정2리_145	신정2리	1	주소		없음	행복버스(고북 정류장)	https://kko.to/3j76rSlFKa	RV-G-004	유사표기 검토	신정2리_145
ST-G-118	고북	신정2리_148	신정2리	1	주소		없음	행복버스(고북 정류장)	https://kko.to/3j76rSlFKa	RV-G-004	유사표기 검토	신정2리_148
ST-G-119	고북	신정2리_275	신정2리	1	주소		없음	행복버스(고북 정류장)	https://kko.to/3j76rSlFKa	RV-G-004	유사표기 검토	신정2리_275
ST-G-120	고북	신정리_156	신정리	1	지점	충남 서산시 고북면 신상리 1382	있음	행복버스(고북 정류장)	https://kko.to/3j76rSlFKa	RV-G-008	유사표기 검토	신정리_156
ST-G-121	고북	신정리_236	신정리	1	지점	충남 서산시 고북면 남정리 1009-1	있음	행복버스(고북 정류장)	https://kko.to/3j76rSlFKa	RV-G-008	유사표기 검토	신정리_236
ST-G-122	고북	신정리_353	신정리	1	지점	충남 서산시 고북면 신정리 31-13	있음	행복버스(고북 정류장)	https://kko.to/3j76rSlFKa	RV-G-008	유사표기 검토	신정리_353
ST-G-123	고북	신정리_354	신정리	1	지점	충남 서산시 고북면 신정리 1290	있음	행복버스(고북 정류장)	https://kko.to/3j76rSlFKa	RV-G-008	유사표기 검토	신정리_354
ST-G-124	고북	신정리_391	신정리	1	지점	충남 서산시 고북면 신정리 72-5	있음	행복버스(고북 정류장)	https://kko.to/3j76rSlFKa	RV-G-008	유사표기 검토	신정리_391
ST-G-125	고북	신정리_392	신정리	1	지점	충남 서산시 고북면 신정리 72-12	있음	행복버스(고북 정류장)	https://kko.to/3j76rSlFKa	RV-G-008	유사표기 검토	신정리_392
ST-G-126	고북	양천1리 경로당(마을회관)_17	양천1리 경로당(마을회관)	1	주소		없음	행복버스(고북 정류장)	https://kko.to/3j76rSlFKa	-	원본명 기준 통합	양천1리 경로당(마을회관)_17
ST-G-127	고북	양천1리_1-15	양천1리	1	지점	충남 서산시 고북면 양천리 199-1	있음	행복버스(고북 정류장)	https://kko.to/3j76rSlFKa	RV-G-002	유사표기 검토	양천1리_1-15
ST-G-128	고북	양천1리_2	양천1리	1	지점	충남 서산시 고북면 정자리 1-50	있음	행복버스(고북 정류장)	https://kko.to/3j76rSlFKa	RV-G-002	유사표기 검토	양천1리_2
ST-G-129	고북	양천1리_50	양천1리	1	지점	충남 서산시 고북면 신기1길 1	있음	행복버스(고북 정류장)	https://kko.to/3j76rSlFKa	RV-G-002	유사표기 검토	양천1리_50
ST-G-130	고북	양천1리_57	양천1리	1	지점	충남 서산시 고북면 신송리 841	있음	행복버스(고북 정류장)	https://kko.to/3j76rSlFKa	RV-G-002	유사표기 검토	양천1리_57
ST-G-131	고북	양천1리_58	양천1리	1	지점	서산시 고북면 신송리 595-62	있음	행복버스(고북 정류장)	https://kko.to/3j76rSlFKa	RV-G-002	유사표기 검토	양천1리_58
ST-G-132	고북	양천1리_87	양천1리	1	주소		없음	행복버스(고북 정류장)	https://kko.to/3j76rSlFKa	RV-G-002	유사표기 검토	양천1리_87
ST-G-133	고북	양천1리_88	양천1리	1	주소		없음	행복버스(고북 정류장)	https://kko.to/3j76rSlFKa	RV-G-002	유사표기 검토	양천1리_88
ST-G-134	고북	양천1리_113	양천1리	1	주소		없음	행복버스(고북 정류장)	https://kko.to/3j76rSlFKa	RV-G-002	유사표기 검토	양천1리_113
ST-G-135	고북	양천1리_114	양천1리	1	지점		없음	행복버스(고북 정류장)	https://kko.to/3j76rSlFKa	RV-G-002	유사표기 검토	양천1리_114
ST-G-136	고북	양천2리 126	양천2리	1	지점	충남 서산시 고북면 양천리 51	있음	행복버스(고북 정류장)	https://kko.to/3j76rSlFKa	RV-G-017	유사표기 검토	양천2리 126
ST-G-137	고북	양천2리 마을회관_52	양천2리 마을회관	1	주소		없음	행복버스(고북 정류장)	https://kko.to/3j76rSlFKa	-	원본명 기준 통합	양천2리 마을회관_52
ST-G-138	고북	양천2리_96	양천2리	1	지점	충남 서산시 고북면 신송리 645-2	있음	행복버스(고북 정류장)	https://kko.to/3j76rSlFKa	RV-G-017	유사표기 검토	양천2리_96
ST-G-139	고북	양천2리_97	양천2리	1	지점	충남 서산시 고북면 신송리 644-1	있음	행복버스(고북 정류장)	https://kko.to/3j76rSlFKa	RV-G-017	유사표기 검토	양천2리_97
ST-G-140	고북	양천2리경로당_45-7	양천2리경로당	1	지점		없음	행복버스(고북 정류장)	https://kko.to/3j76rSlFKa	-	원본명 기준 통합	양천2리경로당_45-7
ST-G-141	고북	양천2리종점 151-4	양천2리종점	1	지점	충남 서산시 고북면 양천리 451	있음	행복버스(고북 정류장)	https://kko.to/3j76rSlFKa	-	원본명 기준 통합	양천2리종점 151-4
ST-G-142	고북	양천리_125	양천리	1	지점	충남 서산시 고북면 양천리 417	있음	행복버스(고북 정류장)	https://kko.to/3j76rSlFKa	-	원본명 기준 통합	양천리_125
ST-G-143	고북	용암1리 경로당(마을회관)_75	용암1리 경로당(마을회관)	1	주소		없음	행복버스(고북 정류장)	https://kko.to/3j76rSlFKa	-	원본명 기준 통합	용암1리 경로당(마을회관)_75
ST-G-144	고북	용암1리_71	용암1리	1	주소		없음	행복버스(고북 정류장)	https://kko.to/3j76rSlFKa	RV-G-029	유사표기 검토	용암1리_71
ST-G-145	고북	용암1리_76	용암1리	1	주소		없음	행복버스(고북 정류장)	https://kko.to/3j76rSlFKa	RV-G-029	유사표기 검토	용암1리_76
ST-G-146	고북	용암2리 225	용암2리	1	지점	충남 서산시 고북면 용암리 708	있음	행복버스(고북 정류장)	https://kko.to/3j76rSlFKa	RV-G-005	유사표기 검토	용암2리 225
ST-G-147	고북	용암2리 경로당(마을회관)_129	용암2리 경로당(마을회관)	1	주소		없음	행복버스(고북 정류장)	https://kko.to/3j76rSlFKa	-	원본명 기준 통합	용암2리 경로당(마을회관)_129
ST-G-148	고북	용암2리_1	용암2리	1	주소		없음	행복버스(고북 정류장)	https://kko.to/3j76rSlFKa	RV-G-005	유사표기 검토	용암2리_1
ST-G-149	고북	용암2리_129	용암2리	1	주소		없음	행복버스(고북 정류장)	https://kko.to/3j76rSlFKa	RV-G-005	유사표기 검토	용암2리_129
ST-G-150	고북	용암2리_130	용암2리	1	주소		없음	행복버스(고북 정류장)	https://kko.to/3j76rSlFKa	RV-G-005	유사표기 검토	용암2리_130
ST-G-151	고북	용암2리_167	용암2리	1	주소		없음	행복버스(고북 정류장)	https://kko.to/3j76rSlFKa	RV-G-005	유사표기 검토	용암2리_167
ST-G-152	고북	용암2리_168	용암2리	1	주소		없음	행복버스(고북 정류장)	https://kko.to/3j76rSlFKa	RV-G-005	유사표기 검토	용암2리_168
ST-G-153	고북	용암2리_2320	용암2리	1	주소		없음	행복버스(고북 정류장)	https://kko.to/3j76rSlFKa	RV-G-005	유사표기 검토	용암2리_2320
ST-G-154	고북	용암2리_2322	용암2리	1	주소		없음	행복버스(고북 정류장)	https://kko.to/3j76rSlFKa	RV-G-005	유사표기 검토	용암2리_2322
ST-G-155	고북	용암3리 경로당(마을회관)_91	용암3리 경로당(마을회관)	1	주소		없음	행복버스(고북 정류장)	https://kko.to/3j76rSlFKa	-	원본명 기준 통합	용암3리 경로당(마을회관)_91
ST-G-156	고북	용암리_75-70	용암리	1	주소		없음	행복버스(고북 정류장)	https://kko.to/3j76rSlFKa	RV-G-018	유사표기 검토	용암리_75-70
ST-G-157	고북	용암리_2420	용암리	1	주소		없음	행복버스(고북 정류장)	https://kko.to/3j76rSlFKa	RV-G-018	유사표기 검토	용암리_2420
ST-G-158	고북	용암리_2462	용암리	1	주소		없음	행복버스(고북 정류장)	https://kko.to/3j76rSlFKa	RV-G-018	유사표기 검토	용암리_2462
ST-G-159	고북	우체국앞_256	우체국앞	1	지점		없음	행복버스(고북 정류장)	https://kko.to/3j76rSlFKa	RV-G-030	유사표기 검토	우체국앞_256
ST-G-160	고북	우체국앞_257	우체국앞	1	주소		없음	행복버스(고북 정류장)	https://kko.to/3j76rSlFKa	RV-G-030	유사표기 검토	우체국앞_257
ST-G-161	고북	장선안_286	장선안	1	주소	장요3리회관	있음	행복버스(고북 정류장)	https://kko.to/3j76rSlFKa	-	원본명 기준 통합	장선안_286
ST-G-162	고북	장요1리 경로당(마을회관)_5-5	장요1리 경로당(마을회관)	1	주소		없음	행복버스(고북 정류장)	https://kko.to/3j76rSlFKa	-	원본명 기준 통합	장요1리 경로당(마을회관)_5-5
ST-G-163	고북	장요1리_1	장요1리	1	주소		없음	행복버스(고북 정류장)	https://kko.to/3j76rSlFKa	RV-G-010	유사표기 검토	장요1리_1
ST-G-164	고북	장요1리_2	장요1리	1	주소		없음	행복버스(고북 정류장)	https://kko.to/3j76rSlFKa	RV-G-010	유사표기 검토	장요1리_2
ST-G-165	고북	장요1리_185	장요1리	1	주소		없음	행복버스(고북 정류장)	https://kko.to/3j76rSlFKa	RV-G-010	유사표기 검토	장요1리_185
ST-G-166	고북	장요1리_186	장요1리	1	주소		없음	행복버스(고북 정류장)	https://kko.to/3j76rSlFKa	RV-G-010	유사표기 검토	장요1리_186
ST-G-167	고북	장요1리_281	장요1리	1	주소		없음	행복버스(고북 정류장)	https://kko.to/3j76rSlFKa	RV-G-010	유사표기 검토	장요1리_281
ST-G-168	고북	장요1리종점_47	장요1리종점	1	주소		없음	행복버스(고북 정류장)	https://kko.to/3j76rSlFKa	RV-G-031	유사표기 검토	장요1리종점_47
ST-G-169	고북	장요1리종점_48	장요1리종점	1	주소		없음	행복버스(고북 정류장)	https://kko.to/3j76rSlFKa	RV-G-031	유사표기 검토	장요1리종점_48
ST-G-170	고북	장요2리 경로당(마을회관)_47	장요2리 경로당(마을회관)	1	주소		없음	행복버스(고북 정류장)	https://kko.to/3j76rSlFKa	-	원본명 기준 통합	장요2리 경로당(마을회관)_47
ST-G-171	고북	장요3리 경로당(마을회관)_68	장요3리 경로당(마을회관)	1	주소		없음	행복버스(고북 정류장)	https://kko.to/3j76rSlFKa	-	원본명 기준 통합	장요3리 경로당(마을회관)_68
ST-G-172	고북	장요3리_249	장요3리	1	주소		없음	행복버스(고북 정류장)	https://kko.to/3j76rSlFKa	RV-G-032	유사표기 검토	장요3리_249
ST-G-173	고북	장요3리_250	장요3리	1	주소		없음	행복버스(고북 정류장)	https://kko.to/3j76rSlFKa	RV-G-032	유사표기 검토	장요3리_250
ST-G-174	고북	장요리_231	장요리	1	주소		없음	행복버스(고북 정류장)	https://kko.to/3j76rSlFKa	RV-G-033	유사표기 검토	장요리_231
ST-G-175	고북	장요리_232	장요리	1	주소		없음	행복버스(고북 정류장)	https://kko.to/3j76rSlFKa	RV-G-033	유사표기 검토	장요리_232
ST-G-176	고북	정자1리 경로당(마을회관)_196	정자1리 경로당(마을회관)	1	주소		없음	행복버스(고북 정류장)	https://kko.to/3j76rSlFKa	-	원본명 기준 통합	정자1리 경로당(마을회관)_196
ST-G-177	고북	정자1리_163	정자1리	1	주소		없음	행복버스(고북 정류장)	https://kko.to/3j76rSlFKa	RV-G-034	유사표기 검토	정자1리_163
ST-G-178	고북	정자1리_164	정자1리	1	주소		없음	행복버스(고북 정류장)	https://kko.to/3j76rSlFKa	RV-G-034	유사표기 검토	정자1리_164
ST-G-179	고북	정자1리회관_195	정자1리회관	1	주소		없음	행복버스(고북 정류장)	https://kko.to/3j76rSlFKa	-	원본명 기준 통합	정자1리회관_195
ST-G-180	고북	정자2리 경로당(마을회관)_79	정자2리 경로당(마을회관)	1	지점		없음	행복버스(고북 정류장)	https://kko.to/3j76rSlFKa	-	원본명 기준 통합	정자2리 경로당(마을회관)_79
ST-G-181	고북	정자2리_189	정자2리	1	주소		없음	행복버스(고북 정류장)	https://kko.to/3j76rSlFKa	RV-G-013	유사표기 검토	정자2리_189
ST-G-182	고북	정자2리_190	정자2리	1	주소		없음	행복버스(고북 정류장)	https://kko.to/3j76rSlFKa	RV-G-013	유사표기 검토	정자2리_190
ST-G-183	고북	정자2리_251	정자2리	1	주소		없음	행복버스(고북 정류장)	https://kko.to/3j76rSlFKa	RV-G-013	유사표기 검토	정자2리_251
ST-G-184	고북	정자2리_252	정자2리	1	주소		없음	행복버스(고북 정류장)	https://kko.to/3j76rSlFKa	RV-G-013	유사표기 검토	정자2리_252
ST-G-185	고북	정자리_110	정자리	1	주소		없음	행복버스(고북 정류장)	https://kko.to/3j76rSlFKa	RV-G-035	유사표기 검토	정자리_110
ST-G-186	고북	정자리_113	정자리	1	주소		없음	행복버스(고북 정류장)	https://kko.to/3j76rSlFKa	RV-G-035	유사표기 검토	정자리_113
ST-G-187	고북	초록1리 경로당(마을회관)_412	초록1리 경로당(마을회관)	1	주소		없음	행복버스(고북 정류장)	https://kko.to/3j76rSlFKa	-	원본명 기준 통합	초록1리 경로당(마을회관)_412
ST-G-188	고북	초록1리_410	초록1리	1	주소		없음	행복버스(고북 정류장)	https://kko.to/3j76rSlFKa	RV-G-036	유사표기 검토	초록1리_410
ST-G-189	고북	초록1리_413	초록1리	1	주소		없음	행복버스(고북 정류장)	https://kko.to/3j76rSlFKa	RV-G-036	유사표기 검토	초록1리_413
ST-G-190	고북	초록2리 경로당(마을회관)_41	초록2리 경로당(마을회관)	1	주소		없음	행복버스(고북 정류장)	https://kko.to/3j76rSlFKa	-	원본명 기준 통합	초록2리 경로당(마을회관)_41
ST-G-191	고북	초록2리_455	초록2리	1	주소		없음	행복버스(고북 정류장)	https://kko.to/3j76rSlFKa	RV-G-019	유사표기 검토	초록2리_455
ST-G-192	고북	초록2리_456	초록2리	1	주소		없음	행복버스(고북 정류장)	https://kko.to/3j76rSlFKa	RV-G-019	유사표기 검토	초록2리_456
ST-G-193	고북	초록2리_483	초록2리	1	주소		없음	행복버스(고북 정류장)	https://kko.to/3j76rSlFKa	RV-G-019	유사표기 검토	초록2리_483
ST-G-194	고북	초록2리새말_484	초록2리새말	1	주소		없음	행복버스(고북 정류장)	https://kko.to/3j76rSlFKa	-	원본명 기준 통합	초록2리새말_484
ST-G-195	고북	취생리_2	취생리	1	지점	충남 서산시 고북면 신송리 836	있음	행복버스(고북 정류장)	https://kko.to/3j76rSlFKa	-	원본명 기준 통합	취생리_2
ST-G-196	고북	코스뱅크화장품_339	코스뱅크화장품	1	지점	충남 서산시 고북면 초록리 370	있음	행복버스(고북 정류장)	https://kko.to/3j76rSlFKa	RV-G-037	유사표기 검토	코스뱅크화장품_339
ST-G-197	고북	코스뱅크화장품_340	코스뱅크화장품	1	지점	충남 서산시 고북면 초록리 102-5	있음	행복버스(고북 정류장)	https://kko.to/3j76rSlFKa	RV-G-037	유사표기 검토	코스뱅크화장품_340
ST-G-198	고북	큰말_31-1(봉생1리)	큰말(봉생1리)	1	지점		없음	행복버스(고북 정류장)	https://kko.to/3j76rSlFKa	-	원본명 기준 통합	큰말_31-1(봉생1리)
